Culture,SampleID,DateCollected,IsolateID,Host,Transect,Plot,GCEquadrantID,MarkedPlantID,SeqData,sim90,sim95,sim97,sim99,Phylo_species,FungusGenus,FungusSpecies,EstTaxPlacement,BLAST_FungusGenus,FungusFamily,FungusOrder,FungusClass,FungusSubphylum,FungusPhylum
0,G1,3/19/2015,1,SP,T1,1A,NA,NA,0,NA,NA,NA,NA,NA,NA,NA,NA,NA,NA,NA,NA,NA,NA
0,G10,3/19/2015,10,BD,T9,9D,NA,NA,0,NA,NA,NA,NA,NA,NA,NA,NA,NA,NA,NA,NA,NA,NA
0,G100,3/30/2015,100_30,AB,T6,6C,NA,NA,0,NA,NA,NA,NA,NA,NA,NA,NA,NA,NA,NA,NA,NA,NA
0,G100,3/30/2015,100_60,AB,T6,6C,NA,NA,0,NA,NA,NA,NA,NA,NA,NA,NA,NA,NA,NA,NA,NA,NA
0,G101,3/30/2015,101_30,PA,T2,2A,NA,NA,0,NA,NA,NA,NA,NA,NA,NA,NA,NA,NA,NA,NA,NA,NA
0,G101,3/30/2015,101_60,PA,T2,2A,NA,NA,0,NA,NA,NA,NA,NA,NA,NA,NA,NA,NA,NA,NA,NA,NA
0,G102,3/30/2015,102,PA,T7,7A,NA,NA,0,NA,NA,NA,NA,NA,NA,NA,NA,NA,NA,NA,NA,NA,NA
1,G103,4/6/2015,103,PA,T10,10A,NA,NA,1,L,L,L,L,L,Pyrenophora,cf. dactylidis,Pyrenophora_cf. dactylidis,Pyrenophora,Pleosporaceae,Pleosporales,Dothideomycetes,Pezizomycotina,Ascomycota
0,G104,3/30/2015,104_30,EG,T5,5D,NA,NA,0,NA,NA,NA,NA,NA,NA,NA,NA,NA,NA,NA,NA,NA,NA
0,G104,3/30/2015,104_60,EG,T5,5D,NA,NA,0,NA,NA,NA,NA,NA,NA,NA,NA,NA,NA,NA,NA,NA,NA
0,G105,3/30/2015,105_30,EG,T5,5A,NA,NA,0,NA,NA,NA,NA,NA,NA,NA,NA,NA,NA,NA,NA,NA,NA
1,G105,3/30/2015,105_60,EG,T5,5A,NA,NA,1,A2,E,E,E,E,Pyrenophora,tritici-repentis,Pyrenophora_tritici-repentis,Pyrenophora,Pleosporaceae,Pleosporales,Dothideomycetes,Pezizomycotina,Ascomycota
0,G106,4/6/2015,106,PA,T10,10A,NA,NA,0,NA,NA,NA,NA,NA,NA,NA,NA,NA,NA,NA,NA,NA,NA
1,G107,3/30/2015,107A,EG,T6,6E,NA,NA,1,A2,E,E,E,E,Pyrenophora,tritici-repentis,Pyrenophora_tritici-repentis,Pyrenophora,Pleosporaceae,Pleosporales,Dothideomycetes,Pezizomycotina,Ascomycota
0,G108,4/6/2015,108,BD,T9,9D,NA,NA,0,NA,NA,NA,NA,NA,NA,NA,NA,NA,NA,NA,NA,NA,NA
0,G109,4/6/2015,109,BD,T9,9D,NA,NA,0,NA,NA,NA,NA,NA,NA,NA,NA,NA,NA,NA,NA,NA,NA
0,G11,3/19/2015,11,AB,T9,9D,NA,NA,0,NA,NA,NA,NA,NA,NA,NA,NA,NA,NA,NA,NA,NA,NA
0,G110,4/6/2015,110,BD,T9,9D,NA,NA,0,NA,NA,NA,NA,NA,NA,NA,NA,NA,NA,NA,NA,NA,NA
0,G111,4/6/2015,111,BD,T9,9D,NA,NA,0,NA,NA,NA,NA,NA,NA,NA,NA,NA,NA,NA,NA,NA,NA
0,G112,4/6/2015,112,BH,T9,9E,NA,NA,0,NA,NA,NA,NA,NA,NA,NA,NA,NA,NA,NA,NA,NA,NA
0,G113,4/6/2015,113,AB,T9,9E,NA,NA,0,NA,NA,NA,NA,NA,NA,NA,NA,NA,NA,NA,NA,NA,NA
0,G114,4/6/2015,114,EG,T9,9D,NA,NA,0,NA,NA,NA,NA,NA,NA,NA,NA,NA,NA,NA,NA,NA,NA
1,G115,4/6/2015,115,EG,T9,9D,NA,NA,1,A2,E,E,E,E,Pyrenophora,tritici-repentis,Pyrenophora_tritici-repentis,Pyrenophora,Pleosporaceae,Pleosporales,Dothideomycetes,Pezizomycotina,Ascomycota
1,G116,4/6/2015,116,SP,T9,9D,NA,NA,1,J,J,J,J,J,Pyrenophora,nobleae,Pyrenophora_nobleae,Pyrenophora,Pleosporaceae,Pleosporales,Dothideomycetes,Pezizomycotina,Ascomycota
0,G117,4/6/2015,117,PA,T9,9D,NA,NA,0,NA,NA,NA,NA,NA,NA,NA,NA,NA,NA,NA,NA,NA,NA
1,G118,4/6/2015,118,PA,T9,9D,NA,NA,1,J,J,J,J,J,Pyrenophora,nobleae,Pyrenophora_nobleae,Pyrenophora,Pleosporaceae,Pleosporales,Dothideomycetes,Pezizomycotina,Ascomycota
0,G119,4/6/2015,119,AB,T6,6A,NA,NA,0,NA,NA,NA,NA,NA,NA,NA,NA,NA,NA,NA,NA,NA,NA
0,G12,3/19/2015,12,BH,T9,9D,NA,NA,0,NA,NA,NA,NA,NA,NA,NA,NA,NA,NA,NA,NA,NA,NA
1,G120,4/6/2015,120,SP,T6,6C,NA,NA,1,S,S,S,S,S,Neoascochyta,sp.,Neoascochyta_sp.,Didymella,Didymellaceae,Pleosporales,Dothideomycetes,Pezizomycotina,Ascomycota
0,G121,4/6/2015,121,BH,T6,6C,NA,NA,0,NA,NA,NA,NA,NA,NA,NA,NA,NA,NA,NA,NA,NA,NA
0,G122,4/6/2015,122,EG,T6,6C,NA,NA,0,NA,NA,NA,NA,NA,NA,NA,NA,NA,NA,NA,NA,NA,NA
0,G123,4/6/2015,123,BD,T6,6C,NA,NA,0,NA,NA,NA,NA,NA,NA,NA,NA,NA,NA,NA,NA,NA,NA
1,G124,4/6/2015,124,BD,T7,7C,NA,NA,1,C,C,C,C,C1,Alternaria,infectoria species–group,Alternaria_infectoria species–group,Lewia,Pleosporaceae,Pleosporales,Dothideomycetes,Pezizomycotina,Ascomycota
0,G125,4/6/2015,125,AB,T7,7C,NA,NA,0,NA,NA,NA,NA,NA,NA,NA,NA,NA,NA,NA,NA,NA,NA
0,G126,4/6/2015,126,PA,T7,7D,NA,NA,0,NA,NA,NA,NA,NA,NA,NA,NA,NA,NA,NA,NA,NA,NA
1,G127,4/6/2015,127,EG,T7,7E,NA,NA,1,A2,E,E,E,E,Pyrenophora,tritici-repentis,Pyrenophora_tritici-repentis,Pyrenophora,Pleosporaceae,Pleosporales,Dothideomycetes,Pezizomycotina,Ascomycota
0,G128,4/6/2015,128,BH,T7,7C,NA,NA,0,NA,NA,NA,NA,NA,NA,NA,NA,NA,NA,NA,NA,NA,NA
0,G129,4/6/2015,129,SP,T7,7E,NA,NA,0,NA,NA,NA,NA,NA,NA,NA,NA,NA,NA,NA,NA,NA,NA
0,G13,3/19/2015,13,SP,T10,10E,NA,NA,0,NA,NA,NA,NA,NA,NA,NA,NA,NA,NA,NA,NA,NA,NA
0,G130,4/6/2015,130,EG,T5,5B,NA,NA,0,NA,NA,NA,NA,NA,NA,NA,NA,NA,NA,NA,NA,NA,NA
0,G131,4/6/2015,131,EG,T5,5B,NA,NA,0,NA,NA,NA,NA,NA,NA,NA,NA,NA,NA,NA,NA,NA,NA
0,G132,4/6/2015,132,SP,T5,5B,NA,NA,0,NA,NA,NA,NA,NA,NA,NA,NA,NA,NA,NA,NA,NA,NA
0,G133,4/6/2015,133,BH,T5,5B,NA,NA,0,NA,NA,NA,NA,NA,NA,NA,NA,NA,NA,NA,NA,NA,NA
0,G134,4/6/2015,134,BH,T5,5B,NA,NA,0,NA,NA,NA,NA,NA,NA,NA,NA,NA,NA,NA,NA,NA,NA
0,G135,4/6/2015,135,SP,T5,5B,NA,NA,0,NA,NA,NA,NA,NA,NA,NA,NA,NA,NA,NA,NA,NA,NA
0,G136,4/6/2015,136,BD,T5,5B,NA,NA,0,NA,NA,NA,NA,NA,NA,NA,NA,NA,NA,NA,NA,NA,NA
0,G137,4/6/2015,137,BD,T5,5B,NA,NA,0,NA,NA,NA,NA,NA,NA,NA,NA,NA,NA,NA,NA,NA,NA
0,G138,4/6/2015,138,AB,T5,5B,NA,NA,0,NA,NA,NA,NA,NA,NA,NA,NA,NA,NA,NA,NA,NA,NA
0,G139,4/6/2015,139,AB,T5,5B,NA,NA,0,NA,NA,NA,NA,NA,NA,NA,NA,NA,NA,NA,NA,NA,NA
0,G14,3/19/2015,14,BD,T10,10D,NA,NA,0,NA,NA,NA,NA,NA,NA,NA,NA,NA,NA,NA,NA,NA,NA
1,G140,4/6/2015,140,EG,T5,5B,NA,NA,1,A2,E,E,E,E,Pyrenophora,tritici-repentis,Pyrenophora_tritici-repentis,Pyrenophora,Pleosporaceae,Pleosporales,Dothideomycetes,Pezizomycotina,Ascomycota
0,G141,4/6/2015,141,SP,T5,5A,NA,NA,0,NA,NA,NA,NA,NA,NA,NA,NA,NA,NA,NA,NA,NA,NA
0,G142,4/6/2015,142,BH,T5,5B,NA,NA,0,NA,NA,NA,NA,NA,NA,NA,NA,NA,NA,NA,NA,NA,NA
0,G143,4/6/2015,143,BD,T5,5B,NA,NA,0,NA,NA,NA,NA,NA,NA,NA,NA,NA,NA,NA,NA,NA,NA
0,G144,4/6/2015,144,SP,T3,3A,NA,NA,0,NA,NA,NA,NA,NA,NA,NA,NA,NA,NA,NA,NA,NA,NA
1,G145,4/6/2015,145,SP,T3,3A,NA,NA,1,D,D1,D,D,D,Parastagonospora,nodorum,Parastagonospora_nodorum,Phaeosphaeria,Phaeosphaeriaceae,Pleosporales,Dothideomycetes,Pezizomycotina,Ascomycota
0,G146,4/6/2015,146,SP,T3,3A,NA,NA,0,NA,NA,NA,NA,NA,NA,NA,NA,NA,NA,NA,NA,NA,NA
1,G147,4/6/2015,147,AB,T3,3A,NA,NA,1,A1,A,A,A,A1,Pyrenophora,chaetomioides,Pyrenophora_chaetomioides,Pyrenophora,Pleosporaceae,Pleosporales,Dothideomycetes,Pezizomycotina,Ascomycota
0,G148,4/6/2015,148,BH,T3,3B,NA,NA,0,NA,NA,NA,NA,NA,NA,NA,NA,NA,NA,NA,NA,NA,NA
0,G149,4/6/2015,149,BD,T3,3B,NA,NA,0,NA,NA,NA,NA,NA,NA,NA,NA,NA,NA,NA,NA,NA,NA
1,G15,3/19/2015,15,PA,T10,10A,NA,NA,1,D,D1,AM,AM,AM,Parastagonospora,caricis,Parastagonospora_caricis,Parastagonospora,Phaeosphaeriaceae,Pleosporales,Dothideomycetes,Pezizomycotina,Ascomycota
0,G150,4/6/2015,150,BD,T3,3B,NA,NA,0,NA,NA,NA,NA,NA,NA,NA,NA,NA,NA,NA,NA,NA,NA
0,G151,4/6/2015,151,AB,T3,3D,NA,NA,0,NA,NA,NA,NA,NA,NA,NA,NA,NA,NA,NA,NA,NA,NA
0,G152,4/6/2015,152,AB,T3,3B,NA,NA,0,NA,NA,NA,NA,NA,NA,NA,NA,NA,NA,NA,NA,NA,NA
1,G153,4/17/2015,153,AB,T1,1A,NA,C11,1,A1,A,AL,AL,A2,Pyrenophora,lolii,Pyrenophora_lolii,Pyrenophora,Pleosporaceae,Pleosporales,Dothideomycetes,Pezizomycotina,Ascomycota
0,G154,4/6/2015,154,AB,T3,3B,NA,NA,0,NA,NA,NA,NA,NA,NA,NA,NA,NA,NA,NA,NA,NA,NA
1,G155,4/20/2015,155,AF,T8,8E,NA,NA,1,A1,A,A,A,A1,Pyrenophora,chaetomioides,Pyrenophora_chaetomioides,Pyrenophora,Pleosporaceae,Pleosporales,Dothideomycetes,Pezizomycotina,Ascomycota
0,G156,4/6/2015,156,BH,T4,4A,NA,NA,0,NA,NA,NA,NA,NA,NA,NA,NA,NA,NA,NA,NA,NA,NA
0,G157,4/6/2015,157,AB,T4,4A,NA,NA,0,NA,NA,NA,NA,NA,NA,NA,NA,NA,NA,NA,NA,NA,NA
0,G158,4/6/2015,158,BD,T4,4D,NA,NA,0,NA,NA,NA,NA,NA,NA,NA,NA,NA,NA,NA,NA,NA,NA
0,G159,4/6/2015,159,BD,T4,4D,NA,NA,0,NA,NA,NA,NA,NA,NA,NA,NA,NA,NA,NA,NA,NA,NA
0,G16,3/19/2015,16,AB,T10,10A,NA,NA,0,NA,NA,NA,NA,NA,NA,NA,NA,NA,NA,NA,NA,NA,NA
0,G160,4/6/2015,160,BD,T4,4D,NA,NA,0,NA,NA,NA,NA,NA,NA,NA,NA,NA,NA,NA,NA,NA,NA
0,G161,4/6/2015,161,BH,T4,4A,NA,NA,0,NA,NA,NA,NA,NA,NA,NA,NA,NA,NA,NA,NA,NA,NA
1,G162,4/6/2015,162b,SP,T4,4A,NA,NA,1,A2,G,G,G,G,Pyrenophora,sp.,Pyrenophora_sp.,Pyrenophora,Pleosporaceae,Pleosporales,Dothideomycetes,Pezizomycotina,Ascomycota
0,G163,4/6/2015,163,EG,T4,4E,NA,NA,0,NA,NA,NA,NA,NA,NA,NA,NA,NA,NA,NA,NA,NA,NA
1,G164,4/6/2015,164,SP,T4,4A,NA,NA,1,D,D1,D,D,D,Parastagonospora,nodorum,Parastagonospora_nodorum,Phaeosphaeria,Phaeosphaeriaceae,Pleosporales,Dothideomycetes,Pezizomycotina,Ascomycota
1,G165,4/6/2015,165,EG,T4,4E,NA,NA,1,A1,A,AL,AL,A2,Pyrenophora,lolii,Pyrenophora_lolii,Pyrenophora,Pleosporaceae,Pleosporales,Dothideomycetes,Pezizomycotina,Ascomycota
0,G166,4/6/2015,166,BH,T4,4E,NA,NA,0,NA,NA,NA,NA,NA,NA,NA,NA,NA,NA,NA,NA,NA,NA
0,G167,4/8/2015,167,AB,GCET1,GCE1,ID3,NA,0,NA,NA,NA,NA,NA,NA,NA,NA,NA,NA,NA,NA,NA,NA
0,G168,4/8/2015,168,AB,GCET1,GCE1,ID3,NA,0,NA,NA,NA,NA,NA,NA,NA,NA,NA,NA,NA,NA,NA,NA
0,G169,4/8/2015,169,AB,GCET1,GCE1,ID3,NA,0,NA,NA,NA,NA,NA,NA,NA,NA,NA,NA,NA,NA,NA,NA
0,G17,3/19/2015,17,BH,T10,10A,NA,NA,0,NA,NA,NA,NA,NA,NA,NA,NA,NA,NA,NA,NA,NA,NA
0,G170,4/8/2015,170,AB,GCET1,GCE8,ID29,NA,0,NA,NA,NA,NA,NA,NA,NA,NA,NA,NA,NA,NA,NA,NA
0,G171,4/10/2015,171,AB,GCET3,GCE23,ID91,NA,0,NA,NA,NA,NA,NA,NA,NA,NA,NA,NA,NA,NA,NA,NA
0,G172,4/8/2015,172,AB,GCET1,GCE8,ID29,NA,0,NA,NA,NA,NA,NA,NA,NA,NA,NA,NA,NA,NA,NA,NA
0,G173,4/8/2015,173,AB,GCET1,GCE8,ID30,NA,0,NA,NA,NA,NA,NA,NA,NA,NA,NA,NA,NA,NA,NA,NA
0,G174,4/8/2015,174,AB,GCET1,GCE8,ID30,NA,0,NA,NA,NA,NA,NA,NA,NA,NA,NA,NA,NA,NA,NA,NA
0,G175,4/8/2015,175,AB,GCET1,GCE8,ID30,NA,0,NA,NA,NA,NA,NA,NA,NA,NA,NA,NA,NA,NA,NA,NA
1,G176,4/8/2015,176,AB,GCET2,GCE17,ID65,NA,1,A2,G,G,G,G,Pyrenophora,sp.,Pyrenophora_sp.,Pyrenophora,Pleosporaceae,Pleosporales,Dothideomycetes,Pezizomycotina,Ascomycota
1,G177,4/8/2015,177,AB,GCET2,GCE17,ID65,NA,0,NA,NA,NA,NA,NA,NA,NA,NA,NA,NA,NA,NA,NA,NA
0,G178,4/8/2015,178,AB,GCET2,GCE17,ID65,NA,0,NA,NA,NA,NA,NA,NA,NA,NA,NA,NA,NA,NA,NA,NA
0,G179,4/10/2015,179,AB,GCET2,GCE17,ID66,NA,0,NA,NA,NA,NA,NA,NA,NA,NA,NA,NA,NA,NA,NA,NA
0,G18,3/19/2015,18,AB,T6,6B,NA,NA,0,NA,NA,NA,NA,NA,NA,NA,NA,NA,NA,NA,NA,NA,NA
0,G180,4/10/2015,180,AB,GCET2,GCE17,ID66,NA,0,NA,NA,NA,NA,NA,NA,NA,NA,NA,NA,NA,NA,NA,NA
0,G181,4/10/2015,181,AB,GCET2,GCE17,ID66,NA,0,NA,NA,NA,NA,NA,NA,NA,NA,NA,NA,NA,NA,NA,NA
1,G182,4/10/2015,182,AB,GCET3,GCE23,ID90,NA,1,A1,A,A,A,A1,Pyrenophora,chaetomioides,Pyrenophora_chaetomioides,Pyrenophora,Pleosporaceae,Pleosporales,Dothideomycetes,Pezizomycotina,Ascomycota
0,G183,4/10/2015,183,AB,GCET3,GCE23,ID90,NA,0,NA,NA,NA,NA,NA,NA,NA,NA,NA,NA,NA,NA,NA,NA
0,G184,4/10/2015,184,AB,GCET3,GCE23,ID90,NA,0,NA,NA,NA,NA,NA,NA,NA,NA,NA,NA,NA,NA,NA,NA
1,G185,4/17/2015,185,AB,T1,1A,NA,C15,1,A1,A,A,A,A1,Pyrenophora,chaetomioides,Pyrenophora_chaetomioides,Pyrenophora,Pleosporaceae,Pleosporales,Dothideomycetes,Pezizomycotina,Ascomycota
1,G186,4/10/2015,186,AB,GCET3,GCE23,ID91,NA,1,A2,G,G,G,G,Pyrenophora,sp.,Pyrenophora_sp.,Pyrenophora,Pleosporaceae,Pleosporales,Dothideomycetes,Pezizomycotina,Ascomycota
0,G187,4/10/2015,187,AB,GCET3,GCE27,ID108,NA,0,NA,NA,NA,NA,NA,NA,NA,NA,NA,NA,NA,NA,NA,NA
0,G188,4/10/2015,188,AB,GCET3,GCE27,ID108,NA,0,NA,NA,NA,NA,NA,NA,NA,NA,NA,NA,NA,NA,NA,NA
0,G189,4/10/2015,189,AB,GCET3,GCE27,ID108,NA,0,NA,NA,NA,NA,NA,NA,NA,NA,NA,NA,NA,NA,NA,NA
0,G19,3/19/2015,19,BH,T6,6B,NA,NA,0,NA,NA,NA,NA,NA,NA,NA,NA,NA,NA,NA,NA,NA,NA
1,G190,4/10/2015,190,AB,GCET2,GCE31,ID123,NA,1,A1,A,A,A,A1,Pyrenophora,chaetomioides,Pyrenophora_chaetomioides,Pyrenophora,Pleosporaceae,Pleosporales,Dothideomycetes,Pezizomycotina,Ascomycota
0,G191,4/10/2015,191,AB,GCET2,GCE32,ID125,NA,0,NA,NA,NA,NA,NA,NA,NA,NA,NA,NA,NA,NA,NA,NA
0,G192,4/10/2015,192,AB,GCET2,GCE32,ID125,NA,0,NA,NA,NA,NA,NA,NA,NA,NA,NA,NA,NA,NA,NA,NA
0,G194,4/10/2015,194,AB,GCET2,GCE32,ID127,NA,0,NA,NA,NA,NA,NA,NA,NA,NA,NA,NA,NA,NA,NA,NA
0,G195,4/10/2015,195,AB,GCET2,GCE32,ID127,NA,0,NA,NA,NA,NA,NA,NA,NA,NA,NA,NA,NA,NA,NA,NA
0,G196,4/10/2015,196,AB,GCET2,GCE32,ID127,NA,0,NA,NA,NA,NA,NA,NA,NA,NA,NA,NA,NA,NA,NA,NA
0,G197,4/17/2015,197,BH,T1,1A,NA,C8,0,NA,NA,NA,NA,NA,NA,NA,NA,NA,NA,NA,NA,NA,NA
0,G198,4/20/2015,198,FP,T8,8E,NA,NA,0,NA,NA,NA,NA,NA,NA,NA,NA,NA,NA,NA,NA,NA,NA
1,G199,4/17/2015,199a,SP,T1,1A,NA,A860,1,I,I,I,I,I,unknown,sp.,Lentitheciaceae_sp.,NA,Lentitheciaceae,Pleosporales,Dothideomycetes,Pezizomycotina,Ascomycota
1,G199,4/17/2015,199b,SP,T1,1A,NA,A860,1,D,D2,AN,AU,AN,Parastagonospora,allouniseptata,Parastagonospora_allouniseptata,Phaeosphaeria,Phaeosphaeriaceae,Pleosporales,Dothideomycetes,Pezizomycotina,Ascomycota
0,G2,3/19/2015,2,BH,T1,1B,NA,NA,0,NA,NA,NA,NA,NA,NA,NA,NA,NA,NA,NA,NA,NA,NA
0,G20,3/19/2015,20,SP,T6,6B,NA,NA,0,NA,NA,NA,NA,NA,NA,NA,NA,NA,NA,NA,NA,NA,NA
0,G200,4/17/2015,200,SP,T1,1A,NA,A861,0,NA,NA,NA,NA,NA,NA,NA,NA,NA,NA,NA,NA,NA,NA
1,G201,4/17/2015,201,SP,T1,1A,NA,A862,1,D,D2,AN,AU,AN,Parastagonospora,allouniseptata,Parastagonospora_allouniseptata,Phaeosphaeria,Phaeosphaeriaceae,Pleosporales,Dothideomycetes,Pezizomycotina,Ascomycota
1,G202,4/17/2015,202,AB,T1,1C,NA,AB039,1,C,C,C,AQ,C1,Alternaria,infectoria species–group,Alternaria_infectoria species–group,Lewia,Pleosporaceae,Pleosporales,Dothideomycetes,Pezizomycotina,Ascomycota
0,G203,4/20/2015,203,AF,T8,8E,NA,NA,0,NA,NA,NA,NA,NA,NA,NA,NA,NA,NA,NA,NA,NA,NA
0,G204,4/10/2015,204,AB,GCET3,GCE27,ID107,NA,0,NA,NA,NA,NA,NA,NA,NA,NA,NA,NA,NA,NA,NA,NA
0,G205,4/10/2015,205,AB,GCET3,GCE27,ID107,NA,0,NA,NA,NA,NA,NA,NA,NA,NA,NA,NA,NA,NA,NA,NA
0,G206,4/10/2015,206,AB,GCET3,GCE27,ID107,NA,0,NA,NA,NA,NA,NA,NA,NA,NA,NA,NA,NA,NA,NA,NA
0,G207,4/8/2015,207,AF,GCET1,GCE1,ID3,NA,0,NA,NA,NA,NA,NA,NA,NA,NA,NA,NA,NA,NA,NA,NA
0,G208,4/8/2015,208,AF,GCET1,GCE1,ID3,NA,0,NA,NA,NA,NA,NA,NA,NA,NA,NA,NA,NA,NA,NA,NA
0,G209,4/8/2015,209,AF,GCET1,GCE1,ID3,NA,0,NA,NA,NA,NA,NA,NA,NA,NA,NA,NA,NA,NA,NA,NA
0,G21,3/19/2015,21,EG,T6,6B,NA,NA,0,NA,NA,NA,NA,NA,NA,NA,NA,NA,NA,NA,NA,NA,NA
0,G210,4/8/2015,210,AF,GCET1,GCE5,ID18,NA,0,NA,NA,NA,NA,NA,NA,NA,NA,NA,NA,NA,NA,NA,NA
0,G211,4/8/2015,211,AF,GCET1,GCE5,ID18,NA,0,NA,NA,NA,NA,NA,NA,NA,NA,NA,NA,NA,NA,NA,NA
0,G212,4/8/2015,212,AF,GCET1,GCE5,ID18,NA,0,NA,NA,NA,NA,NA,NA,NA,NA,NA,NA,NA,NA,NA,NA
0,G213,4/8/2015,213,AF,GCET1,GCE5,ID19,NA,0,NA,NA,NA,NA,NA,NA,NA,NA,NA,NA,NA,NA,NA,NA
0,G214,4/8/2015,214,AF,GCET1,GCE5,ID19,NA,0,NA,NA,NA,NA,NA,NA,NA,NA,NA,NA,NA,NA,NA,NA
0,G215,4/8/2015,215,AF,GCET1,GCE5,ID19,NA,0,NA,NA,NA,NA,NA,NA,NA,NA,NA,NA,NA,NA,NA,NA
0,G216,4/8/2015,216,AF,GCET1,GCE8,ID29,NA,0,NA,NA,NA,NA,NA,NA,NA,NA,NA,NA,NA,NA,NA,NA
0,G217,4/8/2015,217,AF,GCET1,GCE8,ID29,NA,0,NA,NA,NA,NA,NA,NA,NA,NA,NA,NA,NA,NA,NA,NA
0,G218,4/8/2015,218,AF,GCET1,GCE8,ID29,NA,0,NA,NA,NA,NA,NA,NA,NA,NA,NA,NA,NA,NA,NA,NA
0,G219,4/8/2015,219,AF,GCET2,GCE17,ID65,NA,0,NA,NA,NA,NA,NA,NA,NA,NA,NA,NA,NA,NA,NA,NA
0,G22,3/19/2015,22,BD,T6,6C,NA,NA,0,NA,NA,NA,NA,NA,NA,NA,NA,NA,NA,NA,NA,NA,NA
1,G220,4/8/2015,220,AF,GCET2,GCE17,ID65,NA,1,T,T,T,T,T,Ustilago,hypodytes,Ustilago_hypodytes,Tranzscheliella,Ustilaginaceae,Ustilaginales,Ustilaginomycetes,Ustilaginomycotina,Basidiomycota
0,G221,4/8/2015,221,AF,GCET2,GCE17,ID65,NA,0,NA,NA,NA,NA,NA,NA,NA,NA,NA,NA,NA,NA,NA,NA
1,G222,4/10/2015,222,AF,GCET2,GCE17,ID66,NA,1,F,F,F,F,F,Pyrenophora,fugax,Pyrenophora_fugax,Pyrenophora,Pleosporaceae,Pleosporales,Dothideomycetes,Pezizomycotina,Ascomycota
0,G223,4/10/2015,223,AF,GCET2,GCE17,ID66,NA,0,NA,NA,NA,NA,NA,NA,NA,NA,NA,NA,NA,NA,NA,NA
1,G224,4/10/2015,224,AF,GCET2,GCE17,ID66,NA,1,U,U,U,U,U,Aureobasidium,sp.,Aureobasidium_sp.,NA,Aureobasidiaceae,Dothideales,Dothideomycetes,Pezizomycotina,Ascomycota
1,G225,4/10/2015,225,AF,GCET3,GCE23,ID90,NA,1,R,R,R,R,R1,Stemphylium,globuliferum,Stemphylium_globuliferum,Pleospora,Pleosporaceae,Pleosporales,Dothideomycetes,Pezizomycotina,Ascomycota
0,G226,4/10/2015,226,AF,GCET3,GCE23,ID90,NA,0,NA,NA,NA,NA,NA,NA,NA,NA,NA,NA,NA,NA,NA,NA
1,G227,4/10/2015,227,AF,GCET3,GCE27,ID107,NA,0,NA,NA,NA,NA,NA,NA,NA,NA,NA,NA,NA,NA,NA,NA
1,G228,4/17/2015,228,AB,T1,1C,NA,AB041,1,C,C,C,AQ,C1,Alternaria,infectoria species–group,Alternaria_infectoria species–group,Lewia,Pleosporaceae,Pleosporales,Dothideomycetes,Pezizomycotina,Ascomycota
0,G229,4/10/2015,229,AF,GCET3,GCE27,ID107,NA,0,NA,NA,NA,NA,NA,NA,NA,NA,NA,NA,NA,NA,NA,NA
0,G23,3/19/2015,23,PA,T7,7A,NA,NA,0,NA,NA,NA,NA,NA,NA,NA,NA,NA,NA,NA,NA,NA,NA
1,G230,4/10/2015,230,AF,GCET3,GCE27,ID108,NA,1,A2,G,G,G,G,Pyrenophora,sp.,Pyrenophora_sp.,Pyrenophora,Pleosporaceae,Pleosporales,Dothideomycetes,Pezizomycotina,Ascomycota
0,G231,4/20/2015,231,FP,T8,8E,NA,NA,0,NA,NA,NA,NA,NA,NA,NA,NA,NA,NA,NA,NA,NA,NA
0,G232,4/10/2015,232,AF,GCET3,GCE27,ID108,NA,0,NA,NA,NA,NA,NA,NA,NA,NA,NA,NA,NA,NA,NA,NA
0,G233,4/10/2015,233,AF,GCET2,GCE31,ID123,NA,0,NA,NA,NA,NA,NA,NA,NA,NA,NA,NA,NA,NA,NA,NA
1,G234,4/10/2015,234,AF,GCET2,GCE31,ID123,NA,1,A1,A,A,A,A1,Pyrenophora,chaetomioides,Pyrenophora_chaetomioides,Pyrenophora,Pleosporaceae,Pleosporales,Dothideomycetes,Pezizomycotina,Ascomycota
0,G235,4/10/2015,235,AF,GCET2,GCE31,ID123,NA,0,NA,NA,NA,NA,NA,NA,NA,NA,NA,NA,NA,NA,NA,NA
0,G236,4/10/2015,236,AF,GCET2,GCE31,ID124,NA,0,NA,NA,NA,NA,NA,NA,NA,NA,NA,NA,NA,NA,NA,NA
0,G237,4/10/2015,237,AF,GCET2,GCE31,ID124,NA,0,NA,NA,NA,NA,NA,NA,NA,NA,NA,NA,NA,NA,NA,NA
0,G238,4/10/2015,238,AF,GCET2,GCE31,ID124,NA,0,NA,NA,NA,NA,NA,NA,NA,NA,NA,NA,NA,NA,NA,NA
0,G239,4/10/2015,239,AF,GCET2,GCE32,ID125,NA,0,NA,NA,NA,NA,NA,NA,NA,NA,NA,NA,NA,NA,NA,NA
0,G24,3/19/2015,24,PA,T7,7B,NA,NA,0,NA,NA,NA,NA,NA,NA,NA,NA,NA,NA,NA,NA,NA,NA
0,G240,4/10/2015,240,AF,GCET2,GCE32,ID125,NA,0,NA,NA,NA,NA,NA,NA,NA,NA,NA,NA,NA,NA,NA,NA
0,G241,4/10/2015,241,AF,GCET2,GCE32,ID125,NA,0,NA,NA,NA,NA,NA,NA,NA,NA,NA,NA,NA,NA,NA,NA
0,G242,4/10/2015,242,AF,GCET2,GCE32,ID127,NA,0,NA,NA,NA,NA,NA,NA,NA,NA,NA,NA,NA,NA,NA,NA
0,G244,4/10/2015,244,AF,GCET3,GCE23,ID91,NA,0,NA,NA,NA,NA,NA,NA,NA,NA,NA,NA,NA,NA,NA,NA
1,G245,4/10/2015,245,AF,GCET3,GCE23,ID91,NA,1,A2,G,G,G,G,Pyrenophora,sp.,Pyrenophora_sp.,Pyrenophora,Pleosporaceae,Pleosporales,Dothideomycetes,Pezizomycotina,Ascomycota
0,G246,4/10/2015,246,AF,GCET3,GCE23,ID90,NA,0,NA,NA,NA,NA,NA,NA,NA,NA,NA,NA,NA,NA,NA,NA
0,G247,4/8/2015,247,BD,GCET1,GCE1,ID1,NA,0,NA,NA,NA,NA,NA,NA,NA,NA,NA,NA,NA,NA,NA,NA
0,G248,4/8/2015,248,BD,GCET1,GCE1,ID1,NA,0,NA,NA,NA,NA,NA,NA,NA,NA,NA,NA,NA,NA,NA,NA
0,G249,4/8/2015,249,BD,GCET1,GCE1,ID1,NA,0,NA,NA,NA,NA,NA,NA,NA,NA,NA,NA,NA,NA,NA,NA
0,G25,3/19/2015,25,PA,T7,7B,NA,NA,0,NA,NA,NA,NA,NA,NA,NA,NA,NA,NA,NA,NA,NA,NA
0,G250,4/8/2015,250,BD,GCET1,GCE1,ID3,NA,0,NA,NA,NA,NA,NA,NA,NA,NA,NA,NA,NA,NA,NA,NA
0,G251,4/8/2015,251,BD,GCET1,GCE1,ID3,NA,0,NA,NA,NA,NA,NA,NA,NA,NA,NA,NA,NA,NA,NA,NA
0,G252,4/8/2015,252,BD,GCET1,GCE1,ID3,NA,0,NA,NA,NA,NA,NA,NA,NA,NA,NA,NA,NA,NA,NA,NA
0,G253,4/8/2015,253,BD,GCET1,GCE8,ID29,NA,0,NA,NA,NA,NA,NA,NA,NA,NA,NA,NA,NA,NA,NA,NA
0,G254,4/8/2015,254,BD,GCET1,GCE8,ID29,NA,0,NA,NA,NA,NA,NA,NA,NA,NA,NA,NA,NA,NA,NA,NA
0,G255,4/8/2015,255,BD,GCET1,GCE8,ID29,NA,0,NA,NA,NA,NA,NA,NA,NA,NA,NA,NA,NA,NA,NA,NA
0,G256,4/8/2015,256,BD,GCET1,GCE8,ID30,NA,0,NA,NA,NA,NA,NA,NA,NA,NA,NA,NA,NA,NA,NA,NA
0,G257,4/10/2015,257,BD,GCET3,GCE23,ID90,NA,0,NA,NA,NA,NA,NA,NA,NA,NA,NA,NA,NA,NA,NA,NA
0,G258,4/10/2015,258,BD,GCET3,GCE23,ID91,NA,0,NA,NA,NA,NA,NA,NA,NA,NA,NA,NA,NA,NA,NA,NA
0,G259,4/17/2015,259,BH,T1,1C,NA,BH038,0,NA,NA,NA,NA,NA,NA,NA,NA,NA,NA,NA,NA,NA,NA
0,G26,3/19/2015,26,BH,T7,7C,NA,NA,0,NA,NA,NA,NA,NA,NA,NA,NA,NA,NA,NA,NA,NA,NA
0,G260,4/8/2015,260,BD,GCET2,GCE17,ID65,NA,0,NA,NA,NA,NA,NA,NA,NA,NA,NA,NA,NA,NA,NA,NA
0,G261,4/17/2015,261,SP,T1,1C,NA,SP033,0,NA,NA,NA,NA,NA,NA,NA,NA,NA,NA,NA,NA,NA,NA
0,G262,4/10/2015,262,BD,GCET2,GCE17,ID66,NA,0,NA,NA,NA,NA,NA,NA,NA,NA,NA,NA,NA,NA,NA,NA
0,G263,4/10/2015,263,BD,GCET2,GCE17,ID66,NA,0,NA,NA,NA,NA,NA,NA,NA,NA,NA,NA,NA,NA,NA,NA
0,G264,4/10/2015,264,BD,GCET2,GCE17,ID66,NA,0,NA,NA,NA,NA,NA,NA,NA,NA,NA,NA,NA,NA,NA,NA
1,G265,4/17/2015,265,SP,T1,1C,NA,SP034,1,D,D1,D,D,D,Parastagonospora,nodorum,Parastagonospora_nodorum,Phaeosphaeria,Phaeosphaeriaceae,Pleosporales,Dothideomycetes,Pezizomycotina,Ascomycota
0,G266,4/10/2015,266,BD,GCET3,GCE23,ID90,NA,0,NA,NA,NA,NA,NA,NA,NA,NA,NA,NA,NA,NA,NA,NA
1,G267,4/28/2015,267b,AB,T11,NA,NA,NA,1,A1,A,A,A,A1,Pyrenophora,chaetomioides,Pyrenophora_chaetomioides,Pyrenophora,Pleosporaceae,Pleosporales,Dothideomycetes,Pezizomycotina,Ascomycota
0,G268,4/10/2015,268,BD,GCET2,GCE31,ID123,NA,0,NA,NA,NA,NA,NA,NA,NA,NA,NA,NA,NA,NA,NA,NA
0,G269,4/10/2015,269,BD,GCET2,GCE31,ID123,NA,0,NA,NA,NA,NA,NA,NA,NA,NA,NA,NA,NA,NA,NA,NA
0,G27,3/19/2015,27,BH,T7,7D,NA,NA,0,NA,NA,NA,NA,NA,NA,NA,NA,NA,NA,NA,NA,NA,NA
0,G270,4/17/2015,270,AB,T1,1E,NA,AB044,0,NA,NA,NA,NA,NA,NA,NA,NA,NA,NA,NA,NA,NA,NA
0,G271,4/10/2015,271,BD,GCET2,GCE31,ID124,NA,0,NA,NA,NA,NA,NA,NA,NA,NA,NA,NA,NA,NA,NA,NA
1,G272,4/18/2015,272,BH,T5,5D,NA,NA,1,A1,A,A,A,A1,Pyrenophora,chaetomioides,Pyrenophora_chaetomioides,Pyrenophora,Pleosporaceae,Pleosporales,Dothideomycetes,Pezizomycotina,Ascomycota
0,G273,4/10/2015,273,BD,GCET2,GCE32,ID125,NA,0,NA,NA,NA,NA,NA,NA,NA,NA,NA,NA,NA,NA,NA,NA
1,G274,4/18/2015,274,BH,T5,5D,NA,NA,1,B,B,B,B,B1,Ramularia,cf. collo-cygni,Ramularia_cf. collo-cygni,Mycosphaerella,Mycosphaerellaceae,Capnodiales,Dothideomycetes,Pezizomycotina,Ascomycota
0,G275,4/18/2015,275,BH,T5,5D,NA,NA,0,NA,NA,NA,NA,NA,NA,NA,NA,NA,NA,NA,NA,NA,NA
1,G276,4/18/2015,276,BH,T5,5D,NA,NA,1,C,C,C,C,C1,Alternaria,infectoria species–group,Alternaria_infectoria species–group,Lewia,Pleosporaceae,Pleosporales,Dothideomycetes,Pezizomycotina,Ascomycota
0,G277,4/10/2015,277,BD,GCET2,GCE32,ID127,NA,0,NA,NA,NA,NA,NA,NA,NA,NA,NA,NA,NA,NA,NA,NA
1,G278,4/18/2015,278,BH,T5,5D,NA,NA,0,NA,NA,NA,NA,NA,NA,NA,NA,NA,NA,NA,NA,NA,NA
1,G279,4/17/2015,279,SP,T1,1E,NA,SP042,1,A1,A,AL,AL,A2,Pyrenophora,lolii,Pyrenophora_lolii,Pyrenophora,Pleosporaceae,Pleosporales,Dothideomycetes,Pezizomycotina,Ascomycota
0,G28,3/19/2015,28,AB,T7,7D,NA,NA,0,NA,NA,NA,NA,NA,NA,NA,NA,NA,NA,NA,NA,NA,NA
1,G280,4/17/2015,280,SP,T1,1E,NA,SP043,1,A1,A,AL,AL,A2,Pyrenophora,lolii,Pyrenophora_lolii,Pyrenophora,Pleosporaceae,Pleosporales,Dothideomycetes,Pezizomycotina,Ascomycota
0,G281,4/17/2015,281,PA,T2,2A,NA,PA063,0,NA,NA,NA,NA,NA,NA,NA,NA,NA,NA,NA,NA,NA,NA
0,G282,4/17/2015,282,PA,T2,2A,NA,PA064,0,NA,NA,NA,NA,NA,NA,NA,NA,NA,NA,NA,NA,NA,NA
0,G283,4/17/2015,283,PA,T2,2A,NA,PA068,0,NA,NA,NA,NA,NA,NA,NA,NA,NA,NA,NA,NA,NA,NA
0,G284,4/17/2015,284,AB,T2,2C,NA,AB007,0,NA,NA,NA,NA,NA,NA,NA,NA,NA,NA,NA,NA,NA,NA
0,G285,4/28/2015,285,AB,T11,NA,NA,NA,0,NA,NA,NA,NA,NA,NA,NA,NA,NA,NA,NA,NA,NA,NA
0,G286,4/17/2015,286,AB,T2,2C,NA,AB009,0,NA,NA,NA,NA,NA,NA,NA,NA,NA,NA,NA,NA,NA,NA
0,G287,4/10/2015,287,BH,GCET3,GCE23,ID91,NA,0,NA,NA,NA,NA,NA,NA,NA,NA,NA,NA,NA,NA,NA,NA
1,G288,4/17/2015,288,PA,T2,2C,NA,PA001,1,D,V,V,V,V,unknown,sp.,Phaeosphaeriaceae_sp.,Phaeosphaeria,Phaeosphaeriaceae,Pleosporales,Dothideomycetes,Pezizomycotina,Ascomycota
0,G289,4/10/2015,289,BH,GCET3,GCE27,ID107,NA,0,NA,NA,NA,NA,NA,NA,NA,NA,NA,NA,NA,NA,NA,NA
0,G29,3/19/2015,29,SP,T7,7E,NA,NA,0,NA,NA,NA,NA,NA,NA,NA,NA,NA,NA,NA,NA,NA,NA
0,G290,4/17/2015,290,PA,T2,2C,NA,PA002,0,NA,NA,NA,NA,NA,NA,NA,NA,NA,NA,NA,NA,NA,NA
0,G291,4/8/2015,291,BH,GCET1,GCE8,ID29,NA,0,NA,NA,NA,NA,NA,NA,NA,NA,NA,NA,NA,NA,NA,NA
1,G292,4/17/2015,292,PA,T2,2C,NA,PA003,1,L,L,L,L,L,Pyrenophora,cf. dactylidis,Pyrenophora_cf. dactylidis,Pyrenophora,Pleosporaceae,Pleosporales,Dothideomycetes,Pezizomycotina,Ascomycota
1,G293,4/17/2015,293,SP,T2,2C,NA,SP004,1,B,B,B,B,B1,Ramularia,cf. collo-cygni,Ramularia_cf. collo-cygni,Mycosphaerella,Mycosphaerellaceae,Capnodiales,Dothideomycetes,Pezizomycotina,Ascomycota
0,G294,4/8/2015,294,BH,GCET1,GCE8,ID30,NA,0,NA,NA,NA,NA,NA,NA,NA,NA,NA,NA,NA,NA,NA,NA
0,G296,4/8/2015,296,BH,GCET1,GCE8,ID30,NA,0,NA,NA,NA,NA,NA,NA,NA,NA,NA,NA,NA,NA,NA,NA
1,G297,4/17/2015,297,SP,T2,2C,NA,SP005,1,I,I,I,I,I,unknown,sp.,Lentitheciaceae_sp.,NA,Lentitheciaceae,Pleosporales,Dothideomycetes,Pezizomycotina,Ascomycota
1,G298,4/8/2015,298,BH,GCET2,GCE17,ID65,NA,1,K,K,K,K,K,Pyrenophora,biseptata,Pyrenophora_biseptata,Pyrenophora,Pleosporaceae,Pleosporales,Dothideomycetes,Pezizomycotina,Ascomycota
0,G299,4/8/2015,299,BH,GCET2,GCE17,ID65,NA,0,NA,NA,NA,NA,NA,NA,NA,NA,NA,NA,NA,NA,NA,NA
0,G3,3/19/2015,3,AB,T1,1D,NA,NA,0,NA,NA,NA,NA,NA,NA,NA,NA,NA,NA,NA,NA,NA,NA
0,G30,3/19/2015,30,EG,T7,7E,NA,NA,0,NA,NA,NA,NA,NA,NA,NA,NA,NA,NA,NA,NA,NA,NA
1,G300,4/10/2015,300,BH,GCET2,GCE17,ID66,NA,1,B,B,B,B,B1,Ramularia,cf. collo-cygni,Ramularia_cf. collo-cygni,Mycosphaerella,Mycosphaerellaceae,Capnodiales,Dothideomycetes,Pezizomycotina,Ascomycota
0,G301,4/10/2015,301,BH,GCET2,GCE17,ID66,NA,0,NA,NA,NA,NA,NA,NA,NA,NA,NA,NA,NA,NA,NA,NA
0,G302,4/10/2015,302,BH,GCET2,GCE17,ID66,NA,0,NA,NA,NA,NA,NA,NA,NA,NA,NA,NA,NA,NA,NA,NA
0,G303,4/10/2015,303,BH,GCET3,GCE23,ID90,NA,0,NA,NA,NA,NA,NA,NA,NA,NA,NA,NA,NA,NA,NA,NA
0,G304,4/10/2015,304,BH,GCET3,GCE23,ID90,NA,0,NA,NA,NA,NA,NA,NA,NA,NA,NA,NA,NA,NA,NA,NA
0,G305,4/17/2015,305,SP,T2,2C,NA,SP006,0,NA,NA,NA,NA,NA,NA,NA,NA,NA,NA,NA,NA,NA,NA
0,G306,4/10/2015,306,BH,GCET3,GCE23,ID91,NA,0,NA,NA,NA,NA,NA,NA,NA,NA,NA,NA,NA,NA,NA,NA
0,G307,4/20/2015,307,AF,T8,8E,NA,NA,0,NA,NA,NA,NA,NA,NA,NA,NA,NA,NA,NA,NA,NA,NA
1,G308,4/17/2015,308,AB,T2,2E,NA,AB022,1,A1,A,A,A,A1,Pyrenophora,chaetomioides,Pyrenophora_chaetomioides,Pyrenophora,Pleosporaceae,Pleosporales,Dothideomycetes,Pezizomycotina,Ascomycota
0,G309,4/17/2015,309,AB,T2,2E,NA,AB023,0,NA,NA,NA,NA,NA,NA,NA,NA,NA,NA,NA,NA,NA,NA
1,G31,3/19/2015,31,SP,T5,5A,NA,NA,1,D,D1,D,D,D,Parastagonospora,nodorum,Parastagonospora_nodorum,Phaeosphaeria,Phaeosphaeriaceae,Pleosporales,Dothideomycetes,Pezizomycotina,Ascomycota
0,G310,4/10/2015,310,BH,GCET3,GCE27,ID108,NA,0,NA,NA,NA,NA,NA,NA,NA,NA,NA,NA,NA,NA,NA,NA
1,G311,4/17/2015,311,SP,T2,2E,NA,SP018,1,D,D1,D,D,D,Parastagonospora,nodorum,Parastagonospora_nodorum,Phaeosphaeria,Phaeosphaeriaceae,Pleosporales,Dothideomycetes,Pezizomycotina,Ascomycota
0,G312,4/10/2015,312,BH,GCET2,GCE31,ID123,NA,0,NA,NA,NA,NA,NA,NA,NA,NA,NA,NA,NA,NA,NA,NA
1,G313,4/17/2015,313,SP,T2,2E,NA,SP019,1,D,D1,D,D,D,Parastagonospora,nodorum,Parastagonospora_nodorum,Phaeosphaeria,Phaeosphaeriaceae,Pleosporales,Dothideomycetes,Pezizomycotina,Ascomycota
1,G314,4/17/2015,314,SP,T2,2E,NA,SP020,1,D,D1,D,D,D,Parastagonospora,nodorum,Parastagonospora_nodorum,Phaeosphaeria,Phaeosphaeriaceae,Pleosporales,Dothideomycetes,Pezizomycotina,Ascomycota
1,G315,4/18/2015,315,AB,T3,3A,NA,C49,1,D,D1,D,D,D,Parastagonospora,nodorum,Parastagonospora_nodorum,Phaeosphaeria,Phaeosphaeriaceae,Pleosporales,Dothideomycetes,Pezizomycotina,Ascomycota
0,G316,4/18/2015,316,AB,T3,3A,NA,C54,0,NA,NA,NA,NA,NA,NA,NA,NA,NA,NA,NA,NA,NA,NA
0,G317,4/18/2015,317,AB,T3,3A,NA,C55,0,NA,NA,NA,NA,NA,NA,NA,NA,NA,NA,NA,NA,NA,NA
1,G32,3/19/2015,32,EG,T5,5A,NA,NA,1,A2,E,E,E,E,Pyrenophora,tritici-repentis,Pyrenophora_tritici-repentis,Pyrenophora,Pleosporaceae,Pleosporales,Dothideomycetes,Pezizomycotina,Ascomycota
0,G320,4/10/2015,320,BH,GCET2,GCE32,ID127,NA,0,NA,NA,NA,NA,NA,NA,NA,NA,NA,NA,NA,NA,NA,NA
1,G321,4/18/2015,321,BH,T3,3E,NA,NA,1,C,C,C,C,C1,Alternaria,infectoria species–group,Alternaria_infectoria species–group,Lewia,Pleosporaceae,Pleosporales,Dothideomycetes,Pezizomycotina,Ascomycota
0,G322,4/10/2015,322,BH,GCET2,GCE32,ID127,NA,0,NA,NA,NA,NA,NA,NA,NA,NA,NA,NA,NA,NA,NA,NA
1,G323,4/18/2015,323,SP,T3,3A,NA,C41,1,B,B,B,B,B1,Ramularia,cf. collo-cygni,Ramularia_cf. collo-cygni,Mycosphaerella,Mycosphaerellaceae,Capnodiales,Dothideomycetes,Pezizomycotina,Ascomycota
0,G324,4/18/2015,324,BH,T3,3E,NA,NA,0,NA,NA,NA,NA,NA,NA,NA,NA,NA,NA,NA,NA,NA,NA
0,G325,4/18/2015,325,SP,T3,3A,NA,C47,0,NA,NA,NA,NA,NA,NA,NA,NA,NA,NA,NA,NA,NA,NA
0,G326,4/18/2015,326,AB,T3,3C,NA,NA,0,NA,NA,NA,NA,NA,NA,NA,NA,NA,NA,NA,NA,NA,NA
0,G327,4/8/2015,327,FP,GCET1,GCE5,ID18,NA,0,NA,NA,NA,NA,NA,NA,NA,NA,NA,NA,NA,NA,NA,NA
0,G328,4/8/2015,328,FP,GCET1,GCE5,ID18,NA,0,NA,NA,NA,NA,NA,NA,NA,NA,NA,NA,NA,NA,NA,NA
0,G329,4/8/2015,329,FP,GCET1,GCE8,ID29,NA,0,NA,NA,NA,NA,NA,NA,NA,NA,NA,NA,NA,NA,NA,NA
0,G330,4/8/2015,330,FP,GCET1,GCE8,ID29,NA,0,NA,NA,NA,NA,NA,NA,NA,NA,NA,NA,NA,NA,NA,NA
0,G331,4/8/2015,331,FP,GCET1,GCE8,ID29,NA,0,NA,NA,NA,NA,NA,NA,NA,NA,NA,NA,NA,NA,NA,NA
0,G332,4/8/2015,332,FP,GCET1,GCE8,ID30,NA,0,NA,NA,NA,NA,NA,NA,NA,NA,NA,NA,NA,NA,NA,NA
0,G333,4/8/2015,333,FP,GCET1,GCE8,ID30,NA,0,NA,NA,NA,NA,NA,NA,NA,NA,NA,NA,NA,NA,NA,NA
1,G334,4/8/2015,334,FP,GCET1,GCE8,ID30,NA,1,B,B,B,B,B1,Ramularia,cf. collo-cygni,Ramularia_cf. collo-cygni,Mycosphaerella,Mycosphaerellaceae,Capnodiales,Dothideomycetes,Pezizomycotina,Ascomycota
0,G335,4/8/2015,335,FP,GCET2,GCE17,ID65,NA,0,NA,NA,NA,NA,NA,NA,NA,NA,NA,NA,NA,NA,NA,NA
0,G336,4/8/2015,336,FP,GCET2,GCE17,ID65,NA,0,NA,NA,NA,NA,NA,NA,NA,NA,NA,NA,NA,NA,NA,NA
1,G337,4/10/2015,337,FP,GCET3,GCE23,ID91,NA,1,A2,G,G,G,G,Pyrenophora,sp.,Pyrenophora_sp.,Pyrenophora,Pleosporaceae,Pleosporales,Dothideomycetes,Pezizomycotina,Ascomycota
1,G338,4/18/2015,338,AB,T3,3C,NA,AB210,1,A1,A,A,A,A1,Pyrenophora,chaetomioides,Pyrenophora_chaetomioides,Pyrenophora,Pleosporaceae,Pleosporales,Dothideomycetes,Pezizomycotina,Ascomycota
0,G339,4/18/2015,339,AB,T3,3C,NA,AB211,0,NA,NA,NA,NA,NA,NA,NA,NA,NA,NA,NA,NA,NA,NA
0,G34,3/19/2015,34,BH,T5,5C,NA,NA,0,NA,NA,NA,NA,NA,NA,NA,NA,NA,NA,NA,NA,NA,NA
0,G340,4/18/2015,340,BD,T3,3E,NA,NA,0,NA,NA,NA,NA,NA,NA,NA,NA,NA,NA,NA,NA,NA,NA
0,G341,4/28/2015,341,AB,T11,NA,NA,NA,0,NA,NA,NA,NA,NA,NA,NA,NA,NA,NA,NA,NA,NA,NA
1,G342,4/20/2015,342b,FP,T8,8E,NA,NA,1,B,B,B,B,B1,Ramularia,cf. collo-cygni,Ramularia_cf. collo-cygni,Mycosphaerella,Mycosphaerellaceae,Capnodiales,Dothideomycetes,Pezizomycotina,Ascomycota
1,G343,4/18/2015,343A,SP,T3,3C,NA,SP201,1,V,W,W,W,W,Sordaria,sp.,Sordaria_sp.,Sordaria,Sordariaceae,Sordariales,Sordariomycetes,Pezizomycotina,Ascomycota
1,G344,4/18/2015,344,SP,T3,3C,NA,SP202,1,B,B,B,B,B1,Ramularia,cf. collo-cygni,Ramularia_cf. collo-cygni,Mycosphaerella,Mycosphaerellaceae,Capnodiales,Dothideomycetes,Pezizomycotina,Ascomycota
1,G345,4/18/2015,345,SP,T3,3C,NA,SP208,1,D,D1,D,D,D,Parastagonospora,nodorum,Parastagonospora_nodorum,Phaeosphaeria,Phaeosphaeriaceae,Pleosporales,Dothideomycetes,Pezizomycotina,Ascomycota
0,G346,4/8/2015,346,FP,GCET1,GCE5,ID18,NA,0,NA,NA,NA,NA,NA,NA,NA,NA,NA,NA,NA,NA,NA,NA
0,G347,4/18/2015,347,AB,T3,3E,NA,AB212,0,NA,NA,NA,NA,NA,NA,NA,NA,NA,NA,NA,NA,NA,NA
1,G348,4/18/2015,348,AB,T3,3E,NA,NA,0,NA,NA,NA,NA,NA,NA,NA,NA,NA,NA,NA,NA,NA,NA
0,G349,4/18/2015,349,AB,T3,3E,NA,AB245,0,NA,NA,NA,NA,NA,NA,NA,NA,NA,NA,NA,NA,NA,NA
0,G35,3/19/2015,35,BD,T5,5E,NA,NA,0,NA,NA,NA,NA,NA,NA,NA,NA,NA,NA,NA,NA,NA,NA
0,G351,4/18/2015,351,BD,T3,3E,NA,BD242,0,NA,NA,NA,NA,NA,NA,NA,NA,NA,NA,NA,NA,NA,NA
1,G352,4/18/2015,352,BD,T3,3E,NA,BD243,1,A1,A,AL,AL,A2,Pyrenophora,lolii,Pyrenophora_lolii,Pyrenophora,Pleosporaceae,Pleosporales,Dothideomycetes,Pezizomycotina,Ascomycota
0,G353,4/18/2015,353,BH,T3,3E,NA,NA,0,NA,NA,NA,NA,NA,NA,NA,NA,NA,NA,NA,NA,NA,NA
1,G354,4/18/2015,354b,SP,T3,3E,NA,NA,1,A1,A,AL,AL,A2,Pyrenophora,lolii,Pyrenophora_lolii,Pyrenophora,Pleosporaceae,Pleosporales,Dothideomycetes,Pezizomycotina,Ascomycota
1,G355,4/18/2015,355,SP,T3,3E,NA,SP213,1,I,I,I,I,I,unknown,sp.,Lentitheciaceae_sp.,NA,Lentitheciaceae,Pleosporales,Dothideomycetes,Pezizomycotina,Ascomycota
0,G356,4/20/2015,356,AB,T4,4A,NA,AB267,0,NA,NA,NA,NA,NA,NA,NA,NA,NA,NA,NA,NA,NA,NA
0,G357,4/20/2015,357,AB,T4,4A,NA,AB273,0,NA,NA,NA,NA,NA,NA,NA,NA,NA,NA,NA,NA,NA,NA
0,G358,4/20/2015,358,FP,T4,4C,NA,NA,0,NA,NA,NA,NA,NA,NA,NA,NA,NA,NA,NA,NA,NA,NA
1,G36,3/19/2015,36,SP,T3,3A,NA,NA,1,I,I,I,I,I,unknown,sp.,Lentitheciaceae_sp.,NA,Lentitheciaceae,Pleosporales,Dothideomycetes,Pezizomycotina,Ascomycota
0,G360,4/20/2015,360,BH,T4,4C,NA,NA,0,NA,NA,NA,NA,NA,NA,NA,NA,NA,NA,NA,NA,NA,NA
1,G362,4/20/2015,362,SP,T4,4A,NA,SP071,1,B,B,B,B,B1,Ramularia,cf. collo-cygni,Ramularia_cf. collo-cygni,Mycosphaerella,Mycosphaerellaceae,Capnodiales,Dothideomycetes,Pezizomycotina,Ascomycota
1,G363,4/20/2015,363,SP,T4,4A,NA,SP072,1,B,B,B,B,B1,Ramularia,cf. collo-cygni,Ramularia_cf. collo-cygni,Mycosphaerella,Mycosphaerellaceae,Capnodiales,Dothideomycetes,Pezizomycotina,Ascomycota
1,G364,4/20/2015,364,AB,T4,4C,NA,NA,1,K,K,K,K,K,Pyrenophora,biseptata,Pyrenophora_biseptata,Pyrenophora,Pleosporaceae,Pleosporales,Dothideomycetes,Pezizomycotina,Ascomycota
0,G365,4/20/2015,365,AB,T4,4C,NA,AB287,0,NA,NA,NA,NA,NA,NA,NA,NA,NA,NA,NA,NA,NA,NA
1,G366,4/20/2015,366,AB,T4,4C,NA,AB288,1,A1,A,AL,AL,A2,Pyrenophora,lolii,Pyrenophora_lolii,Pyrenophora,Pleosporaceae,Pleosporales,Dothideomycetes,Pezizomycotina,Ascomycota
0,G367,4/8/2015,367,SP,GCET1,GCE1,ID1,NA,0,NA,NA,NA,NA,NA,NA,NA,NA,NA,NA,NA,NA,NA,NA
1,G368,4/8/2015,368,SP,GCET1,GCE1,ID1,NA,1,B,B,B,B,B1,Ramularia,cf. collo-cygni,Ramularia_cf. collo-cygni,Mycosphaerella,Mycosphaerellaceae,Capnodiales,Dothideomycetes,Pezizomycotina,Ascomycota
1,G369,4/8/2015,369b,SP,GCET1,GCE1,ID1,NA,1,K,K,K,K,K,Pyrenophora,biseptata,Pyrenophora_biseptata,Pyrenophora,Pleosporaceae,Pleosporales,Dothideomycetes,Pezizomycotina,Ascomycota
0,G37,3/19/2015,37,BH,T3,3A,NA,NA,0,NA,NA,NA,NA,NA,NA,NA,NA,NA,NA,NA,NA,NA,NA
1,G370,4/8/2015,370,SP,GCET1,GCE1,ID3,NA,1,A1,A,A,A,A1,Pyrenophora,chaetomioides,Pyrenophora_chaetomioides,Pyrenophora,Pleosporaceae,Pleosporales,Dothideomycetes,Pezizomycotina,Ascomycota
1,G371,4/8/2015,371a,SP,GCET1,GCE1,ID3,NA,1,W,X,X,X,X,Phaeosphaeria,cf. caricicola,Phaeosphaeria_cf. caricicola,Phaeosphaeria,Phaeosphaeriaceae,Pleosporales,Dothideomycetes,Pezizomycotina,Ascomycota
1,G371,4/8/2015,371b,SP,GCET1,GCE1,ID3,NA,1,B,B,B,B,B1,Ramularia,cf. collo-cygni,Ramularia_cf. collo-cygni,Mycosphaerella,Mycosphaerellaceae,Capnodiales,Dothideomycetes,Pezizomycotina,Ascomycota
1,G372,4/8/2015,372,SP,GCET1,GCE1,ID3,NA,1,C,C,C,C,C1,Alternaria,infectoria species–group,Alternaria_infectoria species–group,Lewia,Pleosporaceae,Pleosporales,Dothideomycetes,Pezizomycotina,Ascomycota
0,G373,4/8/2015,373,SP,GCET1,GCE5,ID18,NA,0,NA,NA,NA,NA,NA,NA,NA,NA,NA,NA,NA,NA,NA,NA
1,G374,4/8/2015,374b,SP,GCET1,GCE5,ID18,NA,1,D,D1,D,D,D,Parastagonospora,nodorum,Parastagonospora_nodorum,Phaeosphaeria,Phaeosphaeriaceae,Pleosporales,Dothideomycetes,Pezizomycotina,Ascomycota
1,G375,4/8/2015,375,SP,GCET1,GCE5,ID18,NA,1,C,C,C,C,C1,Alternaria,infectoria species–group,Alternaria_infectoria species–group,Lewia,Pleosporaceae,Pleosporales,Dothideomycetes,Pezizomycotina,Ascomycota
1,G376,4/8/2015,376,SP,GCET1,GCE5,ID19,NA,1,H,H,H,H,H1,Cladosporium,cladosporioides species complex,Cladosporium_cladosporioides species complex,NA,Cladosporiaceae,Capnodiales,Dothideomycetes,Pezizomycotina,Ascomycota
1,G377,4/8/2015,377,SP,GCET1,GCE8,ID29,NA,1,C,C,C,AQ,C1,Alternaria,infectoria species–group,Alternaria_infectoria species–group,Lewia,Pleosporaceae,Pleosporales,Dothideomycetes,Pezizomycotina,Ascomycota
1,G378,4/8/2015,378,SP,GCET1,GCE8,ID29,NA,1,M,M,M,M,M,Nemania,serpens,Nemania_serpens,Nemania,Xylariaceae,Xylariales,Sordariomycetes,Pezizomycotina,Ascomycota
1,G379,4/8/2015,379,SP,GCET1,GCE8,ID29,NA,1,A2,G,G,G,G,Pyrenophora,sp.,Pyrenophora_sp.,Pyrenophora,Pleosporaceae,Pleosporales,Dothideomycetes,Pezizomycotina,Ascomycota
1,G38,3/19/2015,38,AB,T3,3B,NA,NA,1,A1,A,A,A,A1,Pyrenophora,chaetomioides,Pyrenophora_chaetomioides,Pyrenophora,Pleosporaceae,Pleosporales,Dothideomycetes,Pezizomycotina,Ascomycota
1,G380,4/8/2015,380,SP,GCET1,GCE8,ID30,NA,1,B,B,B,B,B1,Ramularia,cf. collo-cygni,Ramularia_cf. collo-cygni,Mycosphaerella,Mycosphaerellaceae,Capnodiales,Dothideomycetes,Pezizomycotina,Ascomycota
1,G381,4/8/2015,381,SP,GCET1,GCE8,ID30,NA,1,X,Y,Y,Y,Y,Biscogniauxia,sp.,Biscogniauxia_sp.,Biscogniauxia,Xylariaceae,Xylariales,Sordariomycetes,Pezizomycotina,Ascomycota
1,G382,4/8/2015,382,SP,GCET2,GCE17,ID65,NA,1,B,B,B,B,B1,Ramularia,cf. collo-cygni,Ramularia_cf. collo-cygni,Mycosphaerella,Mycosphaerellaceae,Capnodiales,Dothideomycetes,Pezizomycotina,Ascomycota
0,G383,4/8/2015,383,SP,GCET2,GCE17,ID65,NA,0,NA,NA,NA,NA,NA,NA,NA,NA,NA,NA,NA,NA,NA,NA
1,G384,4/8/2015,384,SP,GCET2,GCE17,ID65,NA,1,D,D1,D,D,D,Parastagonospora,nodorum,Parastagonospora_nodorum,Phaeosphaeria,Phaeosphaeriaceae,Pleosporales,Dothideomycetes,Pezizomycotina,Ascomycota
0,G385,4/10/2015,385,SP,GCET2,GCE17,ID66,NA,0,NA,NA,NA,NA,NA,NA,NA,NA,NA,NA,NA,NA,NA,NA
1,G386,4/10/2015,386,SP,GCET2,GCE17,ID66,NA,1,D,D1,D,D,D,Parastagonospora,nodorum,Parastagonospora_nodorum,Phaeosphaeria,Phaeosphaeriaceae,Pleosporales,Dothideomycetes,Pezizomycotina,Ascomycota
1,G387,4/10/2015,387,SP,GCET3,GCE23,ID91,NA,1,D,D1,D,D,D,Parastagonospora,nodorum,Parastagonospora_nodorum,Phaeosphaeria,Phaeosphaeriaceae,Pleosporales,Dothideomycetes,Pezizomycotina,Ascomycota
1,G388,4/10/2015,388,SP,GCET3,GCE23,ID91,NA,1,D,D1,D,D,D,Parastagonospora,nodorum,Parastagonospora_nodorum,Phaeosphaeria,Phaeosphaeriaceae,Pleosporales,Dothideomycetes,Pezizomycotina,Ascomycota
1,G389,4/10/2015,389,SP,GCET3,GCE27,ID107,NA,1,C,C,C,C,C1,Alternaria,infectoria species–group,Alternaria_infectoria species–group,Lewia,Pleosporaceae,Pleosporales,Dothideomycetes,Pezizomycotina,Ascomycota
0,G39,3/19/2015,39,AB,T3,3B,NA,NA,0,NA,NA,NA,NA,NA,NA,NA,NA,NA,NA,NA,NA,NA,NA
0,G390,4/10/2015,390,SP,GCET3,GCE27,ID107,NA,0,NA,NA,NA,NA,NA,NA,NA,NA,NA,NA,NA,NA,NA,NA
1,G391,4/10/2015,391,SP,GCET3,GCE27,ID107,NA,1,A2,G,G,G,G,Pyrenophora,sp.,Pyrenophora_sp.,Pyrenophora,Pleosporaceae,Pleosporales,Dothideomycetes,Pezizomycotina,Ascomycota
0,G392,4/10/2015,392,SP,GCET3,GCE27,ID108,NA,0,NA,NA,NA,NA,NA,NA,NA,NA,NA,NA,NA,NA,NA,NA
1,G393,4/10/2015,393,SP,GCET3,GCE27,ID108,NA,1,B,B,B,B,B1,Ramularia,cf. collo-cygni,Ramularia_cf. collo-cygni,Mycosphaerella,Mycosphaerellaceae,Capnodiales,Dothideomycetes,Pezizomycotina,Ascomycota
1,G394,4/10/2015,394,SP,GCET2,GCE31,ID123,NA,1,D,D1,D,D,D,Parastagonospora,nodorum,Parastagonospora_nodorum,Phaeosphaeria,Phaeosphaeriaceae,Pleosporales,Dothideomycetes,Pezizomycotina,Ascomycota
1,G395,4/10/2015,395a,SP,GCET2,GCE31,ID123,NA,1,D,D1,D,D,D,Parastagonospora,nodorum,Parastagonospora_nodorum,Phaeosphaeria,Phaeosphaeriaceae,Pleosporales,Dothideomycetes,Pezizomycotina,Ascomycota
0,G396,4/10/2015,396,SP,GCET2,GCE31,ID123,NA,0,NA,NA,NA,NA,NA,NA,NA,NA,NA,NA,NA,NA,NA,NA
0,G397,4/10/2015,397,SP,GCET2,GCE31,ID124,NA,0,NA,NA,NA,NA,NA,NA,NA,NA,NA,NA,NA,NA,NA,NA
1,G398,4/10/2015,398,SP,GCET2,GCE32,ID125,NA,1,Q,AA,AA,AA,AA,Alternaria,sp.,Alternaria_sp.,NA,Pleosporaceae,Pleosporales,Dothideomycetes,Pezizomycotina,Ascomycota
1,G399,4/10/2015,399,SP,GCET2,GCE32,ID125,NA,1,C,C,C,C,C1,Alternaria,infectoria species–group,Alternaria_infectoria species–group,Lewia,Pleosporaceae,Pleosporales,Dothideomycetes,Pezizomycotina,Ascomycota
0,G4,3/19/2015,4,BD,T1,1E,NA,NA,0,NA,NA,NA,NA,NA,NA,NA,NA,NA,NA,NA,NA,NA,NA
0,G40,3/19/2015,40,SP,T4,4A,NA,NA,0,NA,NA,NA,NA,NA,NA,NA,NA,NA,NA,NA,NA,NA,NA
0,G400,4/20/2015,400,AB,T4,4C,NA,AB294,0,NA,NA,NA,NA,NA,NA,NA,NA,NA,NA,NA,NA,NA,NA
1,G401,4/20/2015,401,BD,T4,4C,NA,BD289,1,A1,A,AL,AL,A2,Pyrenophora,lolii,Pyrenophora_lolii,Pyrenophora,Pleosporaceae,Pleosporales,Dothideomycetes,Pezizomycotina,Ascomycota
1,G402,4/20/2015,402,BD,T4,4C,NA,BD300,1,C,C,C,C,C1,Alternaria,infectoria species–group,Alternaria_infectoria species–group,Lewia,Pleosporaceae,Pleosporales,Dothideomycetes,Pezizomycotina,Ascomycota
1,G403,4/10/2015,403a2,SP,GCET3,GCE23,ID91,NA,1,C,C,C,AQ,C1,Alternaria,infectoria species–group,Alternaria_infectoria species–group,Lewia,Pleosporaceae,Pleosporales,Dothideomycetes,Pezizomycotina,Ascomycota
1,G403,4/10/2015,403b,SP,GCET3,GCE23,ID91,NA,1,K,K,K,K,K,Pyrenophora,biseptata,Pyrenophora_biseptata,Pyrenophora,Pleosporaceae,Pleosporales,Dothideomycetes,Pezizomycotina,Ascomycota
1,G404,4/10/2015,404b,SP,GCET3,GCE23,ID90,NA,1,Q,Q,Q,Q,Q,Alternaria,eureka,Alternaria_eureka,NA,Pleosporaceae,Pleosporales,Dothideomycetes,Pezizomycotina,Ascomycota
1,G404,4/10/2015,404a,SP,GCET3,GCE23,ID90,NA,1,C,C,C,C,C1,Alternaria,infectoria species–group,Alternaria_infectoria species–group,Lewia,Pleosporaceae,Pleosporales,Dothideomycetes,Pezizomycotina,Ascomycota
1,G405,4/10/2015,405,SP,GCET3,GCE23,ID90,NA,1,C,C,C,C,C1,Alternaria,infectoria species–group,Alternaria_infectoria species–group,Lewia,Pleosporaceae,Pleosporales,Dothideomycetes,Pezizomycotina,Ascomycota
1,G406,4/10/2015,406,SP,GCET2,GCE17,ID66,NA,1,B,B,B,B,B1,Ramularia,cf. collo-cygni,Ramularia_cf. collo-cygni,Mycosphaerella,Mycosphaerellaceae,Capnodiales,Dothideomycetes,Pezizomycotina,Ascomycota
1,G407,4/20/2015,407,FP,T4,4C,NA,NA,1,H,H,H,H,H1,Cladosporium,cladosporioides species complex,Cladosporium_cladosporioides species complex,NA,Cladosporiaceae,Capnodiales,Dothideomycetes,Pezizomycotina,Ascomycota
1,G408,4/20/2015,408,BD,T8,8A,NA,NA,1,B,B,B,B,B1,Ramularia,cf. collo-cygni,Ramularia_cf. collo-cygni,Mycosphaerella,Mycosphaerellaceae,Capnodiales,Dothideomycetes,Pezizomycotina,Ascomycota
0,G409,4/20/2015,409,FP,T8,8A,NA,NA,0,NA,NA,NA,NA,NA,NA,NA,NA,NA,NA,NA,NA,NA,NA
0,G41,3/19/2015,41,AB,T4,4B,NA,NA,0,NA,NA,NA,NA,NA,NA,NA,NA,NA,NA,NA,NA,NA,NA
0,G410,4/20/2015,410,FP,T8,8A,NA,NA,0,NA,NA,NA,NA,NA,NA,NA,NA,NA,NA,NA,NA,NA,NA
1,G411,4/20/2015,411,SP,T4,4C,NA,SP077,1,B,B,B,B,B1,Ramularia,cf. collo-cygni,Ramularia_cf. collo-cygni,Mycosphaerella,Mycosphaerellaceae,Capnodiales,Dothideomycetes,Pezizomycotina,Ascomycota
1,G412,4/20/2015,412,SP,T4,4C,NA,SP078,1,D,D1,D,D,D,Parastagonospora,nodorum,Parastagonospora_nodorum,Phaeosphaeria,Phaeosphaeriaceae,Pleosporales,Dothideomycetes,Pezizomycotina,Ascomycota
0,G415,4/20/2015,415,AB,T4,4E,NA,AB339,0,NA,NA,NA,NA,NA,NA,NA,NA,NA,NA,NA,NA,NA,NA
0,G416,4/20/2015,416,AB,T4,4E,NA,AB346,0,NA,NA,NA,NA,NA,NA,NA,NA,NA,NA,NA,NA,NA,NA
1,G418,4/20/2015,418,BD,T4,4E,NA,BD305,1,C,C,C,C,C1,Alternaria,infectoria species–group,Alternaria_infectoria species–group,Lewia,Pleosporaceae,Pleosporales,Dothideomycetes,Pezizomycotina,Ascomycota
1,G419,4/20/2015,419,AF,T8,8E,NA,NA,1,C,C,C,C,C1,Alternaria,infectoria species–group,Alternaria_infectoria species–group,Lewia,Pleosporaceae,Pleosporales,Dothideomycetes,Pezizomycotina,Ascomycota
0,G42,3/19/2015,42,BH,T4,4B,NA,NA,0,NA,NA,NA,NA,NA,NA,NA,NA,NA,NA,NA,NA,NA,NA
1,G420,4/20/2015,420,AF,T8,8E,NA,NA,1,A1,A,AL,AL,A2,Pyrenophora,lolii,Pyrenophora_lolii,Pyrenophora,Pleosporaceae,Pleosporales,Dothideomycetes,Pezizomycotina,Ascomycota
1,G421,4/20/2015,421,AF,T8,8E,NA,NA,1,M,M,M,M,M,Nemania,serpens,Nemania_serpens,Nemania,Xylariaceae,Xylariales,Sordariomycetes,Pezizomycotina,Ascomycota
0,G422,4/20/2015,422,AF,T8,8E,NA,NA,0,NA,NA,NA,NA,NA,NA,NA,NA,NA,NA,NA,NA,NA,NA
0,G423,4/20/2015,423,SP,T4,4E,NA,SP082,0,NA,NA,NA,NA,NA,NA,NA,NA,NA,NA,NA,NA,NA,NA
0,G424,4/18/2015,424,BH,T5,5D,NA,NA,0,NA,NA,NA,NA,NA,NA,NA,NA,NA,NA,NA,NA,NA,NA
1,G425,4/18/2015,425,BD,T5,5A,NA,BD152,1,H,H,H,AT,H2,Cladosporium,herbarum species complex,Cladosporium_herbarum species complex,NA,Cladosporiaceae,Capnodiales,Dothideomycetes,Pezizomycotina,Ascomycota
1,G426,4/18/2015,426,BD,T5,5A,NA,NA,1,C,C,C,C,C1,Alternaria,infectoria species–group,Alternaria_infectoria species–group,Lewia,Pleosporaceae,Pleosporales,Dothideomycetes,Pezizomycotina,Ascomycota
1,G427,4/18/2015,427,BH,T5,5A,NA,NA,1,A1,A,AL,AL,A2,Pyrenophora,lolii,Pyrenophora_lolii,Pyrenophora,Pleosporaceae,Pleosporales,Dothideomycetes,Pezizomycotina,Ascomycota
0,G428,4/18/2015,428,BH,T5,5A,NA,NA,0,NA,NA,NA,NA,NA,NA,NA,NA,NA,NA,NA,NA,NA,NA
0,G429,4/18/2015,429,BH,T5,5A,NA,BH159,0,NA,NA,NA,NA,NA,NA,NA,NA,NA,NA,NA,NA,NA,NA
0,G43,3/19/2015,43,SP,T4,4B,NA,NA,0,NA,NA,NA,NA,NA,NA,NA,NA,NA,NA,NA,NA,NA,NA
0,G430,4/18/2015,430,EG,T5,5A,NA,EG154,0,NA,NA,NA,NA,NA,NA,NA,NA,NA,NA,NA,NA,NA,NA
1,G431,4/18/2015,431,EG,T5,5A,NA,EG155,1,A2,E,E,E,E,Pyrenophora,tritici-repentis,Pyrenophora_tritici-repentis,Pyrenophora,Pleosporaceae,Pleosporales,Dothideomycetes,Pezizomycotina,Ascomycota
1,G432,4/18/2015,432,EG,T5,5A,NA,EG156,1,F,F,F,F,F,Pyrenophora,fugax,Pyrenophora_fugax,Pyrenophora,Pleosporaceae,Pleosporales,Dothideomycetes,Pezizomycotina,Ascomycota
0,G433,4/18/2015,433,AB,T5,5C,NA,AB181,0,NA,NA,NA,NA,NA,NA,NA,NA,NA,NA,NA,NA,NA,NA
1,G434,4/18/2015,434,FP,T5,5C,NA,NA,1,B,B,B,B,B1,Ramularia,cf. collo-cygni,Ramularia_cf. collo-cygni,Mycosphaerella,Mycosphaerellaceae,Capnodiales,Dothideomycetes,Pezizomycotina,Ascomycota
0,G435,4/18/2015,435,BD,T5,5C,NA,NA,0,NA,NA,NA,NA,NA,NA,NA,NA,NA,NA,NA,NA,NA,NA
0,G436,4/18/2015,436,BH,T5,5C,NA,BD180,0,NA,NA,NA,NA,NA,NA,NA,NA,NA,NA,NA,NA,NA,NA
0,G437,4/18/2015,437,BH,T5,5D,NA,NA,0,NA,NA,NA,NA,NA,NA,NA,NA,NA,NA,NA,NA,NA,NA
0,G438,4/18/2015,438,BH,T5,5D,NA,NA,0,NA,NA,NA,NA,NA,NA,NA,NA,NA,NA,NA,NA,NA,NA
0,G439,4/18/2015,439,AF,T5,5C,NA,NA,0,NA,NA,NA,NA,NA,NA,NA,NA,NA,NA,NA,NA,NA,NA
0,G44,3/19/2015,44,BD,T4,4E,NA,NA,0,NA,NA,NA,NA,NA,NA,NA,NA,NA,NA,NA,NA,NA,NA
0,G440,4/18/2015,440,EG,T5,5C,NA,EG172,0,NA,NA,NA,NA,NA,NA,NA,NA,NA,NA,NA,NA,NA,NA
1,G441,4/18/2015,441,EG,T5,5C,NA,EG173,1,D,D1,D,AS,AS,Parastagonospora,sp.,Parastagonospora_sp.,Phaeosphaeria,Phaeosphaeriaceae,Pleosporales,Dothideomycetes,Pezizomycotina,Ascomycota
0,G442,4/18/2015,442,EG,T5,5C,NA,NA,0,NA,NA,NA,NA,NA,NA,NA,NA,NA,NA,NA,NA,NA,NA
1,G443,4/18/2015,443,SP,T5,5C,NA,SP256,1,A1,A,AL,AL,A2,Pyrenophora,lolii,Pyrenophora_lolii,Pyrenophora,Pleosporaceae,Pleosporales,Dothideomycetes,Pezizomycotina,Ascomycota
0,G444,4/18/2015,444,BH,T5,5E,NA,BD193,0,NA,NA,NA,NA,NA,NA,NA,NA,NA,NA,NA,NA,NA,NA
1,G445,4/18/2015,445,BD,T5,5E,NA,NA,1,A1,A,AL,AL,A2,Pyrenophora,lolii,Pyrenophora_lolii,Pyrenophora,Pleosporaceae,Pleosporales,Dothideomycetes,Pezizomycotina,Ascomycota
1,G446,4/18/2015,446,BD,T5,5E,NA,NA,1,A1,A,AL,AL,A2,Pyrenophora,lolii,Pyrenophora_lolii,Pyrenophora,Pleosporaceae,Pleosporales,Dothideomycetes,Pezizomycotina,Ascomycota
0,G447,4/18/2015,447,BH,T5,5E,NA,NA,0,NA,NA,NA,NA,NA,NA,NA,NA,NA,NA,NA,NA,NA,NA
0,G448,4/18/2015,448,AF,T5,5E,NA,NA,0,NA,NA,NA,NA,NA,NA,NA,NA,NA,NA,NA,NA,NA,NA
0,G449,4/18/2015,449,BH,T3,3E,NA,NA,0,NA,NA,NA,NA,NA,NA,NA,NA,NA,NA,NA,NA,NA,NA
0,G45,3/19/2015,45,EG,T8,8A,NA,NA,0,NA,NA,NA,NA,NA,NA,NA,NA,NA,NA,NA,NA,NA,NA
1,G450,4/18/2015,450,EG,T5,5E,NA,EG190,1,A2,G,G,G,G,Pyrenophora,sp.,Pyrenophora_sp.,Pyrenophora,Pleosporaceae,Pleosporales,Dothideomycetes,Pezizomycotina,Ascomycota
1,G451,4/18/2015,451,EG,T5,5E,NA,EG191,0,NA,NA,NA,NA,NA,NA,NA,NA,NA,NA,NA,NA,NA,NA
0,G452,4/20/2015,452,FP,T6,6A,NA,NA,0,NA,NA,NA,NA,NA,NA,NA,NA,NA,NA,NA,NA,NA,NA
0,G453,4/20/2015,453,AB,T6,6A,NA,AB227,0,NA,NA,NA,NA,NA,NA,NA,NA,NA,NA,NA,NA,NA,NA
1,G455,4/20/2015,455,BD,T6,6A,NA,BD229,1,B,B,B,B,B1,Ramularia,cf. collo-cygni,Ramularia_cf. collo-cygni,Mycosphaerella,Mycosphaerellaceae,Capnodiales,Dothideomycetes,Pezizomycotina,Ascomycota
1,G456,4/20/2015,456,BD,T8,8A,NA,NA,1,B,B,B,B,B1,Ramularia,cf. collo-cygni,Ramularia_cf. collo-cygni,Mycosphaerella,Mycosphaerellaceae,Capnodiales,Dothideomycetes,Pezizomycotina,Ascomycota
0,G457,4/20/2015,457,BD,T6,6A,NA,BD251,0,NA,NA,NA,NA,NA,NA,NA,NA,NA,NA,NA,NA,NA,NA
0,G458,4/20/2015,458,BD,T8,8A,NA,NA,0,NA,NA,NA,NA,NA,NA,NA,NA,NA,NA,NA,NA,NA,NA
1,G459,4/20/2015,459,BD,T8,8A,NA,NA,1,A1,A,AL,AL,A2,Pyrenophora,lolii,Pyrenophora_lolii,Pyrenophora,Pleosporaceae,Pleosporales,Dothideomycetes,Pezizomycotina,Ascomycota
0,G46,3/19/2015,46,EG,T8,8A,NA,NA,0,NA,NA,NA,NA,NA,NA,NA,NA,NA,NA,NA,NA,NA,NA
0,G460,4/20/2015,460,BH,T6,6A,NA,BH237,0,NA,NA,NA,NA,NA,NA,NA,NA,NA,NA,NA,NA,NA,NA
1,G461,4/20/2015,461,EG,T6,6A,NA,EG233,1,A2,E,E,E,E,Pyrenophora,tritici-repentis,Pyrenophora_tritici-repentis,Pyrenophora,Pleosporaceae,Pleosporales,Dothideomycetes,Pezizomycotina,Ascomycota
1,G462,4/20/2015,462a,EG,T6,6A,NA,EG234,1,A2,E,E,E,E,Pyrenophora,tritici-repentis,Pyrenophora_tritici-repentis,Pyrenophora,Pleosporaceae,Pleosporales,Dothideomycetes,Pezizomycotina,Ascomycota
1,G463,4/20/2015,463,EG,T6,6A,NA,EG235,1,A2,E,E,E,E,Pyrenophora,tritici-repentis,Pyrenophora_tritici-repentis,Pyrenophora,Pleosporaceae,Pleosporales,Dothideomycetes,Pezizomycotina,Ascomycota
1,G464,4/20/2015,464b1,SP,T6,6A,NA,SP236,1,D,D2,AN,AN,AN,Parastagonospora,allouniseptata,Parastagonospora_allouniseptata,Phaeosphaeria,Phaeosphaeriaceae,Pleosporales,Dothideomycetes,Pezizomycotina,Ascomycota
1,G464,4/20/2015,464a,SP,T6,6A,NA,SP236,1,B,B,B,B,B1,Ramularia,cf. collo-cygni,Ramularia_cf. collo-cygni,Mycosphaerella,Mycosphaerellaceae,Capnodiales,Dothideomycetes,Pezizomycotina,Ascomycota
0,G465,4/20/2015,465,AB,T6,6C,NA,AB121,0,NA,NA,NA,NA,NA,NA,NA,NA,NA,NA,NA,NA,NA,NA
1,G466,4/20/2015,466,AB,T6,6C,NA,AB137,1,C,C,C,AQ,C1,Alternaria,infectoria species–group,Alternaria_infectoria species–group,Lewia,Pleosporaceae,Pleosporales,Dothideomycetes,Pezizomycotina,Ascomycota
0,G467,4/20/2015,467,BH,T8,8A,NA,NA,0,NA,NA,NA,NA,NA,NA,NA,NA,NA,NA,NA,NA,NA,NA
0,G468,4/20/2015,468,BD,T6,6C,NA,BD118,0,NA,NA,NA,NA,NA,NA,NA,NA,NA,NA,NA,NA,NA,NA
1,G469,4/20/2015,469,BD,T6,6C,NA,BD119,1,C,C,C,AQ,C1,Alternaria,infectoria species–group,Alternaria_infectoria species–group,Lewia,Pleosporaceae,Pleosporales,Dothideomycetes,Pezizomycotina,Ascomycota
0,G47,3/19/2015,47,BH,T8,8B,NA,NA,0,NA,NA,NA,NA,NA,NA,NA,NA,NA,NA,NA,NA,NA,NA
0,G470,4/20/2015,470,BD,T6,6C,NA,BD120,0,NA,NA,NA,NA,NA,NA,NA,NA,NA,NA,NA,NA,NA,NA
0,G471,4/20/2015,471,BH,T8,8A,NA,NA,0,NA,NA,NA,NA,NA,NA,NA,NA,NA,NA,NA,NA,NA,NA
0,G472,4/20/2015,472,BH,T6,6C,NA,BH142,0,NA,NA,NA,NA,NA,NA,NA,NA,NA,NA,NA,NA,NA,NA
1,G474,4/20/2015,474,EG,T6,6C,NA,EG223,1,A2,E,E,E,E,Pyrenophora,tritici-repentis,Pyrenophora_tritici-repentis,Pyrenophora,Pleosporaceae,Pleosporales,Dothideomycetes,Pezizomycotina,Ascomycota
1,G475,4/20/2015,475,EG,T6,6C,NA,EG224,1,A2,E,E,E,E,Pyrenophora,tritici-repentis,Pyrenophora_tritici-repentis,Pyrenophora,Pleosporaceae,Pleosporales,Dothideomycetes,Pezizomycotina,Ascomycota
1,G476,4/20/2015,476,EG,T6,6C,NA,EG225,1,D,D1,D,AS,AS,Parastagonospora,sp.,Parastagonospora_sp.,Phaeosphaeria,Phaeosphaeriaceae,Pleosporales,Dothideomycetes,Pezizomycotina,Ascomycota
0,G477,4/20/2015,477,SP,T6,6C,NA,SP250,0,NA,NA,NA,NA,NA,NA,NA,NA,NA,NA,NA,NA,NA,NA
0,G478,4/20/2015,478,BD,T8,8A,NA,NA,0,NA,NA,NA,NA,NA,NA,NA,NA,NA,NA,NA,NA,NA,NA
1,G479,4/20/2015,479,AB,T6,6E,NA,AB135,1,A2,G,G,G,G,Pyrenophora,sp.,Pyrenophora_sp.,Pyrenophora,Pleosporaceae,Pleosporales,Dothideomycetes,Pezizomycotina,Ascomycota
1,G48,3/19/2015,48,AB,T8,8B,NA,NA,1,A1,A,AL,AL,A2,Pyrenophora,lolii,Pyrenophora_lolii,Pyrenophora,Pleosporaceae,Pleosporales,Dothideomycetes,Pezizomycotina,Ascomycota
0,G480,4/20/2015,480,AB,T6,6E,NA,AB127,0,NA,NA,NA,NA,NA,NA,NA,NA,NA,NA,NA,NA,NA,NA
1,G481,4/20/2015,481,BD,T8,8A,NA,NA,1,B,B,B,B,B1,Ramularia,cf. collo-cygni,Ramularia_cf. collo-cygni,Mycosphaerella,Mycosphaerellaceae,Capnodiales,Dothideomycetes,Pezizomycotina,Ascomycota
0,G482,4/20/2015,482,BD,T8,8A,NA,NA,0,NA,NA,NA,NA,NA,NA,NA,NA,NA,NA,NA,NA,NA,NA
0,G483,4/20/2015,483,BD,T8,8A,NA,NA,0,NA,NA,NA,NA,NA,NA,NA,NA,NA,NA,NA,NA,NA,NA
1,G484,4/20/2015,484,EG,T6,6E,NA,EG240,1,A2,G,G,G,G,Pyrenophora,sp.,Pyrenophora_sp.,Pyrenophora,Pleosporaceae,Pleosporales,Dothideomycetes,Pezizomycotina,Ascomycota
0,G485,4/17/2015,485,PA,T7,7A,NA,PA050,0,NA,NA,NA,NA,NA,NA,NA,NA,NA,NA,NA,NA,NA,NA
0,G486,4/17/2015,486,PA,T7,7A,NA,PA051,0,NA,NA,NA,NA,NA,NA,NA,NA,NA,NA,NA,NA,NA,NA
0,G487,4/17/2015,487,PA,T7,7A,NA,PA052,0,NA,NA,NA,NA,NA,NA,NA,NA,NA,NA,NA,NA,NA,NA
0,G488,4/17/2015,488,AB,T7,7C,NA,NA,0,NA,NA,NA,NA,NA,NA,NA,NA,NA,NA,NA,NA,NA,NA
0,G489,4/17/2015,489,AB,T7,7C,NA,AB317,0,NA,NA,NA,NA,NA,NA,NA,NA,NA,NA,NA,NA,NA,NA
0,G49,3/19/2015,49,BD,T8,8C,NA,NA,0,NA,NA,NA,NA,NA,NA,NA,NA,NA,NA,NA,NA,NA,NA
0,G490,4/17/2015,490,BH,T7,7C,NA,NA,0,NA,NA,NA,NA,NA,NA,NA,NA,NA,NA,NA,NA,NA,NA
0,G491,4/20/2015,491,BH,T8,8B,NA,NA,0,NA,NA,NA,NA,NA,NA,NA,NA,NA,NA,NA,NA,NA,NA
0,G492,4/17/2015,492,BH,T7,7C,NA,NA,0,NA,NA,NA,NA,NA,NA,NA,NA,NA,NA,NA,NA,NA,NA
0,G493,4/17/2015,493,PA,T7,7C,NA,PA056,0,NA,NA,NA,NA,NA,NA,NA,NA,NA,NA,NA,NA,NA,NA
0,G494,4/17/2015,494,PA,T7,7C,NA,PA057,0,NA,NA,NA,NA,NA,NA,NA,NA,NA,NA,NA,NA,NA,NA
0,G495,4/17/2015,495,PA,T7,7C,NA,PA058,0,NA,NA,NA,NA,NA,NA,NA,NA,NA,NA,NA,NA,NA,NA
1,G496,4/17/2015,496,AB,T7,7E,NA,AB271,1,A1,A,A,A,A1,Pyrenophora,chaetomioides,Pyrenophora_chaetomioides,Pyrenophora,Pleosporaceae,Pleosporales,Dothideomycetes,Pezizomycotina,Ascomycota
0,G497,4/20/2015,497,BD,T8,8A,NA,NA,0,NA,NA,NA,NA,NA,NA,NA,NA,NA,NA,NA,NA,NA,NA
1,G498,4/17/2015,498,AB,T7,7E,NA,AB277,1,A2,G,G,G,G,Pyrenophora,sp.,Pyrenophora_sp.,Pyrenophora,Pleosporaceae,Pleosporales,Dothideomycetes,Pezizomycotina,Ascomycota
0,G499,4/17/2015,499,BH,T7,7E,NA,NA,0,NA,NA,NA,NA,NA,NA,NA,NA,NA,NA,NA,NA,NA,NA
0,G5,3/19/2015,5,PA,T2,2A,NA,NA,0,NA,NA,NA,NA,NA,NA,NA,NA,NA,NA,NA,NA,NA,NA
0,G50,3/19/2015,50,BH,T8,8C,NA,NA,0,NA,NA,NA,NA,NA,NA,NA,NA,NA,NA,NA,NA,NA,NA
0,G500,4/17/2015,500,BH,T7,7E,NA,NA,0,NA,NA,NA,NA,NA,NA,NA,NA,NA,NA,NA,NA,NA,NA
0,G501,4/20/2015,501,BD,T8,8A,NA,NA,0,NA,NA,NA,NA,NA,NA,NA,NA,NA,NA,NA,NA,NA,NA
0,G502,4/17/2015,502,PA,T7,7E,NA,PA067,0,NA,NA,NA,NA,NA,NA,NA,NA,NA,NA,NA,NA,NA,NA
0,G503,4/20/2015,503,BD,T8,8A,NA,BD303,0,NA,NA,NA,NA,NA,NA,NA,NA,NA,NA,NA,NA,NA,NA
0,G504,4/20/2015,504,AF,T8,8E,NA,NA,0,NA,NA,NA,NA,NA,NA,NA,NA,NA,NA,NA,NA,NA,NA
0,G505,4/20/2015,505,BD,T8,8A,NA,BD345,0,NA,NA,NA,NA,NA,NA,NA,NA,NA,NA,NA,NA,NA,NA
0,G506,4/20/2015,506,FP,T8,8E,NA,NA,0,NA,NA,NA,NA,NA,NA,NA,NA,NA,NA,NA,NA,NA,NA
1,G507,4/20/2015,507,BD,T8,8A,NA,NA,1,A1,A,AL,AL,A2,Pyrenophora,lolii,Pyrenophora_lolii,Pyrenophora,Pleosporaceae,Pleosporales,Dothideomycetes,Pezizomycotina,Ascomycota
1,G508,4/28/2015,508,AB,T11,NA,NA,NA,1,C,C,C,C,C1,Alternaria,infectoria species–group,Alternaria_infectoria species–group,Lewia,Pleosporaceae,Pleosporales,Dothideomycetes,Pezizomycotina,Ascomycota
1,G509,4/20/2015,509,EG,T8,8A,NA,EG096,1,A2,E,E,E,E,Pyrenophora,tritici-repentis,Pyrenophora_tritici-repentis,Pyrenophora,Pleosporaceae,Pleosporales,Dothideomycetes,Pezizomycotina,Ascomycota
0,G51,3/30/2015,51_30,AB,T10,10A,NA,NA,0,NA,NA,NA,NA,NA,NA,NA,NA,NA,NA,NA,NA,NA,NA
0,G51,3/30/2015,51_60,AB,T10,10A,NA,NA,0,NA,NA,NA,NA,NA,NA,NA,NA,NA,NA,NA,NA,NA,NA
1,G510,4/20/2015,510,EG,T8,8A,NA,EG097,1,A2,E,E,E,E,Pyrenophora,tritici-repentis,Pyrenophora_tritici-repentis,Pyrenophora,Pleosporaceae,Pleosporales,Dothideomycetes,Pezizomycotina,Ascomycota
1,G511,4/20/2015,511,EG,T8,8A,NA,EG098,1,A2,E,E,E,E,Pyrenophora,tritici-repentis,Pyrenophora_tritici-repentis,Pyrenophora,Pleosporaceae,Pleosporales,Dothideomycetes,Pezizomycotina,Ascomycota
0,G512,4/20/2015,512,FP,T8,8A,NA,NA,0,NA,NA,NA,NA,NA,NA,NA,NA,NA,NA,NA,NA,NA,NA
0,G513,4/20/2015,513,SP,T8,8A,NA,SP095,0,NA,NA,NA,NA,NA,NA,NA,NA,NA,NA,NA,NA,NA,NA
0,G514,4/20/2015,514,BD,T8,8C,NA,BD299,0,NA,NA,NA,NA,NA,NA,NA,NA,NA,NA,NA,NA,NA,NA
0,G515,4/28/2015,515,AB,T11,NA,NA,NA,0,NA,NA,NA,NA,NA,NA,NA,NA,NA,NA,NA,NA,NA,NA
1,G516,4/28/2015,516,AB,T12,NA,NA,NA,1,Z,AB,AB,AB,AB,Coniochaeta,sp.,Coniochaeta_sp.,Coniochaeta,Coniochaetaceae,Coniochaetales,Sordariomycetes,Pezizomycotina,Ascomycota
1,G517,4/28/2015,517,AB,T12,NA,NA,NA,1,C,C,C,C,C1,Alternaria,infectoria species–group,Alternaria_infectoria species–group,Lewia,Pleosporaceae,Pleosporales,Dothideomycetes,Pezizomycotina,Ascomycota
1,G518,4/28/2015,518,AB,T12,NA,NA,NA,0,NA,NA,NA,NA,NA,NA,NA,NA,NA,NA,NA,NA,NA,NA
1,G519,4/28/2015,519,AB,T12,NA,NA,NA,1,A1,A,A,A,A1,Pyrenophora,chaetomioides,Pyrenophora_chaetomioides,Pyrenophora,Pleosporaceae,Pleosporales,Dothideomycetes,Pezizomycotina,Ascomycota
0,G52,3/30/2015,52_30,BH,T2,2A,NA,NA,0,NA,NA,NA,NA,NA,NA,NA,NA,NA,NA,NA,NA,NA,NA
1,G52,3/30/2015,52_60,BH,T2,2A,NA,NA,1,K,K,K,K,K,Pyrenophora,biseptata,Pyrenophora_biseptata,Pyrenophora,Pleosporaceae,Pleosporales,Dothideomycetes,Pezizomycotina,Ascomycota
1,G520,4/20/2015,520,EG,T8,8C,NA,EG088,1,A2,E,E,E,E,Pyrenophora,tritici-repentis,Pyrenophora_tritici-repentis,Pyrenophora,Pleosporaceae,Pleosporales,Dothideomycetes,Pezizomycotina,Ascomycota
0,G521,4/20/2015,521,EG,T8,8C,NA,EG085,0,NA,NA,NA,NA,NA,NA,NA,NA,NA,NA,NA,NA,NA,NA
1,G522,4/20/2015,522,EG,T8,8C,NA,EG087,1,D,D2,AN,AN,AN,Parastagonospora,allouniseptata,Parastagonospora_allouniseptata,Phaeosphaeria,Phaeosphaeriaceae,Pleosporales,Dothideomycetes,Pezizomycotina,Ascomycota
0,G523,4/20/2015,523,SP,T8,8C,NA,SP089,0,NA,NA,NA,NA,NA,NA,NA,NA,NA,NA,NA,NA,NA,NA
1,G524,4/20/2015,524,SP,T8,8C,NA,SP090,1,A2,E,E,E,E,Pyrenophora,tritici-repentis,Pyrenophora_tritici-repentis,Pyrenophora,Pleosporaceae,Pleosporales,Dothideomycetes,Pezizomycotina,Ascomycota
0,G525,4/20/2015,525,AB,T8,8E,NA,AB329,0,NA,NA,NA,NA,NA,NA,NA,NA,NA,NA,NA,NA,NA,NA
1,G526,4/20/2015,526,AB,T8,8E,NA,AB416,1,A1,A,AL,AL,A2,Pyrenophora,lolii,Pyrenophora_lolii,Pyrenophora,Pleosporaceae,Pleosporales,Dothideomycetes,Pezizomycotina,Ascomycota
0,G53,3/30/2015,53_30,BH,T3,3B,NA,NA,0,NA,NA,NA,NA,NA,NA,NA,NA,NA,NA,NA,NA,NA,NA
0,G53,3/30/2015,53_60,BH,T3,3B,NA,NA,0,NA,NA,NA,NA,NA,NA,NA,NA,NA,NA,NA,NA,NA,NA
1,G534,4/20/2015,534,EG,T8,8E,NA,EG150,1,A2,E,E,E,E,Pyrenophora,tritici-repentis,Pyrenophora_tritici-repentis,Pyrenophora,Pleosporaceae,Pleosporales,Dothideomycetes,Pezizomycotina,Ascomycota
0,G535,4/20/2015,535,FP,T9,9C,NA,NA,0,NA,NA,NA,NA,NA,NA,NA,NA,NA,NA,NA,NA,NA,NA
0,G536,4/17/2015,536,PA,T9,9A,NA,PA100,0,NA,NA,NA,NA,NA,NA,NA,NA,NA,NA,NA,NA,NA,NA
1,G537,4/17/2015,537,PA,T9,9A,NA,PA101,1,K,AC,AC,AC,AC,Pyrenophora,triseptata,Pyrenophora_triseptata,Pyrenophora,Pleosporaceae,Pleosporales,Dothideomycetes,Pezizomycotina,Ascomycota
0,G538,4/17/2015,538,FP,T9,9C,NA,NA,0,NA,NA,NA,NA,NA,NA,NA,NA,NA,NA,NA,NA,NA,NA
0,G539,4/17/2015,539,FP,T9,9C,NA,NA,0,NA,NA,NA,NA,NA,NA,NA,NA,NA,NA,NA,NA,NA,NA
0,G54,3/30/2015,54,EG,T8,8B,NA,NA,0,NA,NA,NA,NA,NA,NA,NA,NA,NA,NA,NA,NA,NA,NA
0,G540,4/17/2015,540,FP,T9,9C,NA,NA,0,NA,NA,NA,NA,NA,NA,NA,NA,NA,NA,NA,NA,NA,NA
1,G541,4/28/2015,541b,AB,T12,NA,NA,NA,1,A1*,A*,A*,A*,A1,Pyrenophora,chaetomioides,Pyrenophora_chaetomioides,Pyrenophora,Pleosporaceae,Pleosporales,Dothideomycetes,Pezizomycotina,Ascomycota
0,G543,4/17/2015,543,PA,T9,9C,NA,PA107,0,NA,NA,NA,NA,NA,NA,NA,NA,NA,NA,NA,NA,NA,NA
1,G544,4/28/2015,544b,AF,T14,NA,NA,NA,1,A1,A,A,AP,A1,Pyrenophora,chaetomioides,Pyrenophora_chaetomioides,Pyrenophora,Pleosporaceae,Pleosporales,Dothideomycetes,Pezizomycotina,Ascomycota
0,G545,4/17/2015,545,AB,T9,9E,NA,AB397,0,NA,NA,NA,NA,NA,NA,NA,NA,NA,NA,NA,NA,NA,NA
0,G546,4/17/2015,546,AB,T9,9E,NA,AB398,0,NA,NA,NA,NA,NA,NA,NA,NA,NA,NA,NA,NA,NA,NA
0,G547,4/17/2015,547,BD,T9,9E,NA,BD368,0,NA,NA,NA,NA,NA,NA,NA,NA,NA,NA,NA,NA,NA,NA
0,G548,4/17/2015,548,BD,T9,9E,NA,NA,0,NA,NA,NA,NA,NA,NA,NA,NA,NA,NA,NA,NA,NA,NA
0,G549,4/28/2015,549,AB,T13,NA,NA,NA,0,NA,NA,NA,NA,NA,NA,NA,NA,NA,NA,NA,NA,NA,NA
1,G55,3/30/2015,55,EG,T8,8B,NA,NA,1,A2,E,E,E,E,Pyrenophora,tritici-repentis,Pyrenophora_tritici-repentis,Pyrenophora,Pleosporaceae,Pleosporales,Dothideomycetes,Pezizomycotina,Ascomycota
0,G550,4/17/2015,550,BH,T9,9E,NA,NA,0,NA,NA,NA,NA,NA,NA,NA,NA,NA,NA,NA,NA,NA,NA
0,G551,4/18/2015,551,FP,T5,5A,NA,NA,0,NA,NA,NA,NA,NA,NA,NA,NA,NA,NA,NA,NA,NA,NA
0,G552,4/28/2015,552,AB,T13,NA,NA,NA,0,NA,NA,NA,NA,NA,NA,NA,NA,NA,NA,NA,NA,NA,NA
0,G553,4/17/2015,553,PA,T9,9E,NA,PA111,0,NA,NA,NA,NA,NA,NA,NA,NA,NA,NA,NA,NA,NA,NA
1,G554,4/17/2015,554,PA,T9,9E,NA,PA112,1,A2,G,G,G,G,Pyrenophora,sp.,Pyrenophora_sp.,Pyrenophora,Pleosporaceae,Pleosporales,Dothideomycetes,Pezizomycotina,Ascomycota
0,G555,4/17/2015,555,FP,T10,10C,NA,NA,0,NA,NA,NA,NA,NA,NA,NA,NA,NA,NA,NA,NA,NA,NA
0,G556,4/17/2015,556,FP,T10,10C,NA,NA,0,NA,NA,NA,NA,NA,NA,NA,NA,NA,NA,NA,NA,NA,NA
0,G557,4/17/2015,557,FP,T10,10C,NA,NA,0,NA,NA,NA,NA,NA,NA,NA,NA,NA,NA,NA,NA,NA,NA
0,G558,4/17/2015,558,PA,T10,10A,NA,PA403,0,NA,NA,NA,NA,NA,NA,NA,NA,NA,NA,NA,NA,NA,NA
1,G559,4/17/2015,559,PA,T10,10A,NA,PA434,1,L,L,L,L,L,Pyrenophora,cf. dactylidis,Pyrenophora_cf. dactylidis,Pyrenophora,Pleosporaceae,Pleosporales,Dothideomycetes,Pezizomycotina,Ascomycota
0,G56,3/30/2015,56,AB,T4,4C,NA,NA,0,NA,NA,NA,NA,NA,NA,NA,NA,NA,NA,NA,NA,NA,NA
0,G560,4/28/2015,560,AB,T13,NA,NA,NA,0,NA,NA,NA,NA,NA,NA,NA,NA,NA,NA,NA,NA,NA,NA
1,G561,4/17/2015,561,BD,T10,10C,NA,NA,1,A1,A,AL,AL,A2,Pyrenophora,lolii,Pyrenophora_lolii,Pyrenophora,Pleosporaceae,Pleosporales,Dothideomycetes,Pezizomycotina,Ascomycota
0,G562,4/17/2015,562,BD,T10,10C,NA,BD371,0,NA,NA,NA,NA,NA,NA,NA,NA,NA,NA,NA,NA,NA,NA
0,G563,4/17/2015,563,BH,T10,10C,NA,NA,0,NA,NA,NA,NA,NA,NA,NA,NA,NA,NA,NA,NA,NA,NA
0,G564,4/28/2015,564,AB,T13,NA,NA,NA,0,NA,NA,NA,NA,NA,NA,NA,NA,NA,NA,NA,NA,NA,NA
0,G565,4/17/2015,565,PA,T10,10C,NA,PA629,0,NA,NA,NA,NA,NA,NA,NA,NA,NA,NA,NA,NA,NA,NA
0,G566,4/17/2015,566,PA,T10,10C,NA,PA640,0,NA,NA,NA,NA,NA,NA,NA,NA,NA,NA,NA,NA,NA,NA
0,G567,4/28/2015,567,AB,T13,NA,NA,NA,0,NA,NA,NA,NA,NA,NA,NA,NA,NA,NA,NA,NA,NA,NA
0,G568,4/28/2015,568,AF,T14,NA,NA,NA,0,NA,NA,NA,NA,NA,NA,NA,NA,NA,NA,NA,NA,NA,NA
1,G569,4/28/2015,569,AF,T14,NA,NA,NA,1,A1,A,A,AP,A1,Pyrenophora,chaetomioides,Pyrenophora_chaetomioides,Pyrenophora,Pleosporaceae,Pleosporales,Dothideomycetes,Pezizomycotina,Ascomycota
1,G57,4/6/2015,57,SP,T8,8B,NA,NA,1,B,B,B,B,B1,Ramularia,cf. collo-cygni,Ramularia_cf. collo-cygni,Mycosphaerella,Mycosphaerellaceae,Capnodiales,Dothideomycetes,Pezizomycotina,Ascomycota
1,G570,4/17/2015,570a,FP,T10,10E,NA,NA,1,J,J,J,J,J,Pyrenophora,nobleae,Pyrenophora_nobleae,Pyrenophora,Pleosporaceae,Pleosporales,Dothideomycetes,Pezizomycotina,Ascomycota
0,G571,4/17/2015,571,BD,T10,10E,NA,BD418,0,NA,NA,NA,NA,NA,NA,NA,NA,NA,NA,NA,NA,NA,NA
0,G572,4/17/2015,572,BD,T10,10E,NA,NA,0,NA,NA,NA,NA,NA,NA,NA,NA,NA,NA,NA,NA,NA,NA
0,G573,4/17/2015,573,BH,T10,10E,NA,NA,0,NA,NA,NA,NA,NA,NA,NA,NA,NA,NA,NA,NA,NA,NA
0,G574,4/17/2015,574,BH,T10,10E,NA,NA,0,NA,NA,NA,NA,NA,NA,NA,NA,NA,NA,NA,NA,NA,NA
1,G575,4/17/2015,575,BD,T10,10E,NA,BH429,1,A1,A,AL,AL,A2,Pyrenophora,lolii,Pyrenophora_lolii,Pyrenophora,Pleosporaceae,Pleosporales,Dothideomycetes,Pezizomycotina,Ascomycota
0,G576,4/17/2015,576,PA,T10,10E,NA,PA412,0,NA,NA,NA,NA,NA,NA,NA,NA,NA,NA,NA,NA,NA,NA
0,G577,4/17/2015,577,PA,T10,10E,NA,PA638,0,NA,NA,NA,NA,NA,NA,NA,NA,NA,NA,NA,NA,NA,NA
0,G578,4/28/2015,578,AF,T14,NA,NA,NA,0,NA,NA,NA,NA,NA,NA,NA,NA,NA,NA,NA,NA,NA,NA
0,G579,4/28/2015,579,AF,T14,NA,NA,NA,0,NA,NA,NA,NA,NA,NA,NA,NA,NA,NA,NA,NA,NA,NA
0,G58,3/30/2015,58_30,PA,T7,7A,NA,NA,0,NA,NA,NA,NA,NA,NA,NA,NA,NA,NA,NA,NA,NA,NA
0,G58,3/30/2015,58_60,PA,T7,7A,NA,NA,0,NA,NA,NA,NA,NA,NA,NA,NA,NA,NA,NA,NA,NA,NA
0,G580,4/28/2015,580,BD,T11,NA,NA,NA,0,NA,NA,NA,NA,NA,NA,NA,NA,NA,NA,NA,NA,NA,NA
0,G581,4/28/2015,581,BD,T11,NA,NA,NA,0,NA,NA,NA,NA,NA,NA,NA,NA,NA,NA,NA,NA,NA,NA
0,G582,4/28/2015,582,BD,T11,NA,NA,NA,0,NA,NA,NA,NA,NA,NA,NA,NA,NA,NA,NA,NA,NA,NA
0,G583,4/28/2015,583,BD,T11,NA,NA,NA,0,NA,NA,NA,NA,NA,NA,NA,NA,NA,NA,NA,NA,NA,NA
0,G584,4/28/2015,584,BD,T11,NA,NA,NA,0,NA,NA,NA,NA,NA,NA,NA,NA,NA,NA,NA,NA,NA,NA
0,G585,4/28/2015,585,BD,T12,NA,NA,NA,0,NA,NA,NA,NA,NA,NA,NA,NA,NA,NA,NA,NA,NA,NA
0,G586,4/28/2015,586,BD,T12,NA,NA,NA,0,NA,NA,NA,NA,NA,NA,NA,NA,NA,NA,NA,NA,NA,NA
1,G587,4/28/2015,587,BD,T12,NA,NA,NA,1,A1,A,A,A,A1,Pyrenophora,chaetomioides,Pyrenophora_chaetomioides,Pyrenophora,Pleosporaceae,Pleosporales,Dothideomycetes,Pezizomycotina,Ascomycota
0,G588,4/28/2015,588,BD,T12,NA,NA,NA,0,NA,NA,NA,NA,NA,NA,NA,NA,NA,NA,NA,NA,NA,NA
0,G589,4/28/2015,589,BD,T12,NA,NA,NA,0,NA,NA,NA,NA,NA,NA,NA,NA,NA,NA,NA,NA,NA,NA
0,G59,4/6/2015,59,BD,T8,8B,NA,NA,0,NA,NA,NA,NA,NA,NA,NA,NA,NA,NA,NA,NA,NA,NA
0,G590,4/28/2015,590,BD,T13,NA,NA,NA,0,NA,NA,NA,NA,NA,NA,NA,NA,NA,NA,NA,NA,NA,NA
0,G591,4/28/2015,591,BD,T13,NA,NA,NA,0,NA,NA,NA,NA,NA,NA,NA,NA,NA,NA,NA,NA,NA,NA
0,G592,4/28/2015,592,BD,T13,NA,NA,NA,0,NA,NA,NA,NA,NA,NA,NA,NA,NA,NA,NA,NA,NA,NA
0,G593,4/28/2015,593,BD,T13,NA,NA,NA,0,NA,NA,NA,NA,NA,NA,NA,NA,NA,NA,NA,NA,NA,NA
0,G594,4/28/2015,594,BD,T13,NA,NA,NA,0,NA,NA,NA,NA,NA,NA,NA,NA,NA,NA,NA,NA,NA,NA
0,G595,4/28/2015,595,BD,T14,NA,NA,NA,0,NA,NA,NA,NA,NA,NA,NA,NA,NA,NA,NA,NA,NA,NA
0,G596,4/28/2015,596,BD,T14,NA,NA,NA,0,NA,NA,NA,NA,NA,NA,NA,NA,NA,NA,NA,NA,NA,NA
0,G597,4/28/2015,597,BD,T14,NA,NA,NA,0,NA,NA,NA,NA,NA,NA,NA,NA,NA,NA,NA,NA,NA,NA
0,G599,4/28/2015,599,BD,T14,NA,NA,NA,0,NA,NA,NA,NA,NA,NA,NA,NA,NA,NA,NA,NA,NA,NA
0,G6,3/19/2015,6,SP,T2,2E,NA,NA,0,NA,NA,NA,NA,NA,NA,NA,NA,NA,NA,NA,NA,NA,NA
0,G60,4/6/2015,60,BH,T8,8B,NA,NA,0,NA,NA,NA,NA,NA,NA,NA,NA,NA,NA,NA,NA,NA,NA
0,G600,4/28/2015,600,BH,T11,NA,NA,NA,0,NA,NA,NA,NA,NA,NA,NA,NA,NA,NA,NA,NA,NA,NA
0,G601,4/28/2015,601,BH,T11,NA,NA,NA,0,NA,NA,NA,NA,NA,NA,NA,NA,NA,NA,NA,NA,NA,NA
0,G602,4/28/2015,602,BH,T11,NA,NA,NA,0,NA,NA,NA,NA,NA,NA,NA,NA,NA,NA,NA,NA,NA,NA
0,G603,4/28/2015,603,BH,T11,NA,NA,NA,0,NA,NA,NA,NA,NA,NA,NA,NA,NA,NA,NA,NA,NA,NA
0,G604,4/28/2015,604,BH,T11,NA,NA,NA,0,NA,NA,NA,NA,NA,NA,NA,NA,NA,NA,NA,NA,NA,NA
0,G605,4/28/2015,605,BH,T12,NA,NA,NA,0,NA,NA,NA,NA,NA,NA,NA,NA,NA,NA,NA,NA,NA,NA
0,G606,4/28/2015,606,BH,T12,NA,NA,NA,0,NA,NA,NA,NA,NA,NA,NA,NA,NA,NA,NA,NA,NA,NA
1,G607,4/28/2015,607,BH,T12,NA,NA,NA,1,C,C,C,C,C1,Alternaria,infectoria species–group,Alternaria_infectoria species–group,Lewia,Pleosporaceae,Pleosporales,Dothideomycetes,Pezizomycotina,Ascomycota
0,G608,4/28/2015,608,BH,T12,NA,NA,NA,0,NA,NA,NA,NA,NA,NA,NA,NA,NA,NA,NA,NA,NA,NA
0,G609,4/28/2015,609,BH,T12,NA,NA,NA,0,NA,NA,NA,NA,NA,NA,NA,NA,NA,NA,NA,NA,NA,NA
0,G61,3/30/2015,61,PA,T7,7E,NA,NA,0,NA,NA,NA,NA,NA,NA,NA,NA,NA,NA,NA,NA,NA,NA
0,G610,4/28/2015,610,BH,T13,NA,NA,NA,0,NA,NA,NA,NA,NA,NA,NA,NA,NA,NA,NA,NA,NA,NA
0,G611,4/28/2015,611,BH,T13,NA,NA,NA,0,NA,NA,NA,NA,NA,NA,NA,NA,NA,NA,NA,NA,NA,NA
0,G612,4/28/2015,612,BH,T13,NA,NA,NA,0,NA,NA,NA,NA,NA,NA,NA,NA,NA,NA,NA,NA,NA,NA
1,G613,4/28/2015,613,BH,T13,NA,NA,NA,1,D,D1,D,AV,AV,Parastagonospora,sp.,Parastagonospora_sp.,Phaeosphaeria,Phaeosphaeriaceae,Pleosporales,Dothideomycetes,Pezizomycotina,Ascomycota
0,G614,4/28/2015,614,BH,T13,NA,NA,NA,0,NA,NA,NA,NA,NA,NA,NA,NA,NA,NA,NA,NA,NA,NA
0,G615,4/28/2015,615,BH,T14,NA,NA,NA,0,NA,NA,NA,NA,NA,NA,NA,NA,NA,NA,NA,NA,NA,NA
0,G616,4/28/2015,616,BH,T14,NA,NA,NA,0,NA,NA,NA,NA,NA,NA,NA,NA,NA,NA,NA,NA,NA,NA
0,G617,4/28/2015,617,BH,T14,NA,NA,NA,0,NA,NA,NA,NA,NA,NA,NA,NA,NA,NA,NA,NA,NA,NA
0,G618,4/28/2015,618,BH,T14,NA,NA,NA,0,NA,NA,NA,NA,NA,NA,NA,NA,NA,NA,NA,NA,NA,NA
0,G619,4/28/2015,619,BH,T14,NA,NA,NA,0,NA,NA,NA,NA,NA,NA,NA,NA,NA,NA,NA,NA,NA,NA
0,G62,3/30/2015,62_30,AB,T7,7E,NA,NA,0,NA,NA,NA,NA,NA,NA,NA,NA,NA,NA,NA,NA,NA,NA
0,G62,3/30/2015,62_60,AB,T7,7E,NA,NA,0,NA,NA,NA,NA,NA,NA,NA,NA,NA,NA,NA,NA,NA,NA
1,G620,4/28/2015,620,SP,T13,NA,NA,NA,1,F,F,F,F,F,Pyrenophora,fugax,Pyrenophora_fugax,Pyrenophora,Pleosporaceae,Pleosporales,Dothideomycetes,Pezizomycotina,Ascomycota
0,G621,4/28/2015,621,SP,T13,NA,NA,NA,0,NA,NA,NA,NA,NA,NA,NA,NA,NA,NA,NA,NA,NA,NA
1,G622,4/28/2015,622,SP,T13,NA,NA,NA,1,F,F,F,F,F,Pyrenophora,fugax,Pyrenophora_fugax,Pyrenophora,Pleosporaceae,Pleosporales,Dothideomycetes,Pezizomycotina,Ascomycota
1,G623,4/28/2015,623,SP,T13,NA,NA,NA,1,B,B,B,B,B1,Ramularia,cf. collo-cygni,Ramularia_cf. collo-cygni,Mycosphaerella,Mycosphaerellaceae,Capnodiales,Dothideomycetes,Pezizomycotina,Ascomycota
1,G624,4/28/2015,624,SP,T13,NA,NA,NA,1,C,C,C,C,C1,Alternaria,infectoria species–group,Alternaria_infectoria species–group,Lewia,Pleosporaceae,Pleosporales,Dothideomycetes,Pezizomycotina,Ascomycota
1,G625,4/28/2015,625a,SP,T14,NA,NA,NA,0,NA,NA,NA,NA,NA,NA,NA,NA,NA,NA,NA,NA,NA,NA
1,G625,4/28/2015,625b,SP,T14,NA,NA,NA,1,A1,A,A,AP,A1,Pyrenophora,chaetomioides,Pyrenophora_chaetomioides,Pyrenophora,Pleosporaceae,Pleosporales,Dothideomycetes,Pezizomycotina,Ascomycota
1,G626,4/28/2015,626,SP,T14,NA,NA,NA,1,B,B,B,B,B1,Ramularia,cf. collo-cygni,Ramularia_cf. collo-cygni,Mycosphaerella,Mycosphaerellaceae,Capnodiales,Dothideomycetes,Pezizomycotina,Ascomycota
0,G627,4/28/2015,627,SP,T14,NA,NA,NA,0,NA,NA,NA,NA,NA,NA,NA,NA,NA,NA,NA,NA,NA,NA
0,G628,4/28/2015,628,SP,T14,NA,NA,NA,0,NA,NA,NA,NA,NA,NA,NA,NA,NA,NA,NA,NA,NA,NA
0,G629,4/28/2015,629,SP,T14,NA,NA,NA,0,NA,NA,NA,NA,NA,NA,NA,NA,NA,NA,NA,NA,NA,NA
1,G63,3/30/2015,63_60low,PA,T7,7D,NA,NA,0,NA,NA,NA,NA,NA,NA,NA,NA,NA,NA,NA,NA,NA,NA
1,G63,3/30/2015,63_30low,PA,T7,7D,NA,NA,1,L,L,L,L,L,Pyrenophora,cf. dactylidis,Pyrenophora_cf. dactylidis,Pyrenophora,Pleosporaceae,Pleosporales,Dothideomycetes,Pezizomycotina,Ascomycota
1,G630,4/28/2015,630,BRAD,T14,NA,NA,NA,1,F,F,F,F,F,Pyrenophora,fugax,Pyrenophora_fugax,Pyrenophora,Pleosporaceae,Pleosporales,Dothideomycetes,Pezizomycotina,Ascomycota
1,G631,4/28/2015,631,BRAD,T14,NA,NA,NA,1,F,F,F,F,F,Pyrenophora,fugax,Pyrenophora_fugax,Pyrenophora,Pleosporaceae,Pleosporales,Dothideomycetes,Pezizomycotina,Ascomycota
1,G632,4/28/2015,632,BRAD,T14,NA,NA,NA,1,F,F,F,F,F,Pyrenophora,fugax,Pyrenophora_fugax,Pyrenophora,Pleosporaceae,Pleosporales,Dothideomycetes,Pezizomycotina,Ascomycota
1,G633,4/28/2015,633,BRAD,T14,NA,NA,NA,1,F,F,F,F,F,Pyrenophora,fugax,Pyrenophora_fugax,Pyrenophora,Pleosporaceae,Pleosporales,Dothideomycetes,Pezizomycotina,Ascomycota
0,G634,4/28/2015,634,BRAD,T14,NA,NA,NA,0,NA,NA,NA,NA,NA,NA,NA,NA,NA,NA,NA,NA,NA,NA
0,G635,4/28/2015,635,BRAD,T14,NA,NA,NA,0,NA,NA,NA,NA,NA,NA,NA,NA,NA,NA,NA,NA,NA,NA
0,G636,4/28/2015,636,BRAD,T14,NA,NA,NA,0,NA,NA,NA,NA,NA,NA,NA,NA,NA,NA,NA,NA,NA,NA
0,G637,4/28/2015,637,BRAD,T14,NA,NA,NA,0,NA,NA,NA,NA,NA,NA,NA,NA,NA,NA,NA,NA,NA,NA
0,G638,4/28/2015,638,BRAD,T14,NA,NA,NA,0,NA,NA,NA,NA,NA,NA,NA,NA,NA,NA,NA,NA,NA,NA
1,G639,4/28/2015,639,AF,T14,NA,NA,NA,1,A1,A,A,AP,A1,Pyrenophora,chaetomioides,Pyrenophora_chaetomioides,Pyrenophora,Pleosporaceae,Pleosporales,Dothideomycetes,Pezizomycotina,Ascomycota
0,G64,3/30/2015,64_60,EG,T6,6E,NA,NA,0,NA,NA,NA,NA,NA,NA,NA,NA,NA,NA,NA,NA,NA,NA
1,G64,3/30/2015,64_30,EG,T6,6E,NA,NA,1,D,D1,D,AS,AS,Parastagonospora,sp.,Parastagonospora_sp.,Phaeosphaeria,Phaeosphaeriaceae,Pleosporales,Dothideomycetes,Pezizomycotina,Ascomycota
0,G640,4/28/2015,640,EG,T14,NA,NA,NA,0,NA,NA,NA,NA,NA,NA,NA,NA,NA,NA,NA,NA,NA,NA
0,G641,4/28/2015,641,EG,T14,NA,NA,NA,0,NA,NA,NA,NA,NA,NA,NA,NA,NA,NA,NA,NA,NA,NA
0,G642,4/28/2015,642,EG,T14,NA,NA,NA,0,NA,NA,NA,NA,NA,NA,NA,NA,NA,NA,NA,NA,NA,NA
0,G643,4/28/2015,643,EG,T14,NA,NA,NA,0,NA,NA,NA,NA,NA,NA,NA,NA,NA,NA,NA,NA,NA,NA
0,G65,3/30/2015,65_30,AB,T7,7E,NA,NA,0,NA,NA,NA,NA,NA,NA,NA,NA,NA,NA,NA,NA,NA,NA
1,G65,3/30/2015,65_60,AB,T7,7E,NA,NA,1,A1,A,A,A,A1,Pyrenophora,chaetomioides,Pyrenophora_chaetomioides,Pyrenophora,Pleosporaceae,Pleosporales,Dothideomycetes,Pezizomycotina,Ascomycota
0,G659,4/28/2015,659,BRAD,T14,NA,NA,NA,0,NA,NA,NA,NA,NA,NA,NA,NA,NA,NA,NA,NA,NA,NA
0,G66,4/6/2015,66,EG,T8,8B,NA,NA,0,NA,NA,NA,NA,NA,NA,NA,NA,NA,NA,NA,NA,NA,NA
0,G660,4/28/2015,660,PA,T11,NA,NA,NA,0,NA,NA,NA,NA,NA,NA,NA,NA,NA,NA,NA,NA,NA,NA
0,G663,4/28/2015,663,PA,T12,NA,NA,NA,0,NA,NA,NA,NA,NA,NA,NA,NA,NA,NA,NA,NA,NA,NA
1,G664,4/28/2015,664,PA,T12,NA,NA,NA,1,C,C,C,AW,C1,Alternaria,infectoria species–group,Alternaria_infectoria species–group,Lewia,Pleosporaceae,Pleosporales,Dothideomycetes,Pezizomycotina,Ascomycota
0,G665,4/28/2015,665,PA,T12,NA,NA,NA,0,NA,NA,NA,NA,NA,NA,NA,NA,NA,NA,NA,NA,NA,NA
0,G666,4/28/2015,666,PA,T14,NA,NA,NA,0,NA,NA,NA,NA,NA,NA,NA,NA,NA,NA,NA,NA,NA,NA
0,G667,4/28/2015,667,PA,site 15,NA,NA,NA,0,NA,NA,NA,NA,NA,NA,NA,NA,NA,NA,NA,NA,NA,NA
0,G668,4/28/2015,668,PA,site 15,NA,NA,NA,0,NA,NA,NA,NA,NA,NA,NA,NA,NA,NA,NA,NA,NA,NA
1,G669,4/28/2015,669,PA,site 15,NA,NA,NA,1,AB,AF,AF,AF,AF,Anthostomella,sp.,Anthostomella_sp.,Virgaria,Xylariaceae,Xylariales,Sordariomycetes,Pezizomycotina,Ascomycota
0,G67,3/30/2015,67_30,PA,T7,7D,NA,NA,0,NA,NA,NA,NA,NA,NA,NA,NA,NA,NA,NA,NA,NA,NA
0,G67,3/30/2015,67_60,PA,T7,7D,NA,NA,0,NA,NA,NA,NA,NA,NA,NA,NA,NA,NA,NA,NA,NA,NA
1,G670,4/28/2015,670,PA,site 15,NA,NA,NA,1,B,B,B,AX,B2,Ramularia,pusilla,Ramularia_pusilla,Mycosphaerella,Mycosphaerellaceae,Capnodiales,Dothideomycetes,Pezizomycotina,Ascomycota
1,G671,4/28/2015,671,PA,site 15,NA,NA,NA,0,NA,NA,NA,NA,NA,NA,NA,NA,NA,NA,NA,NA,NA,NA
1,G672,4/28/2015,672,PA,site 15,NA,NA,NA,1,C,C,C,C,C1,Alternaria,infectoria species–group,Alternaria_infectoria species–group,Lewia,Pleosporaceae,Pleosporales,Dothideomycetes,Pezizomycotina,Ascomycota
1,G673,4/28/2015,673,PA,site 15,NA,NA,NA,1,C,C,C,AQ,C1,Alternaria,infectoria species–group,Alternaria_infectoria species–group,Lewia,Pleosporaceae,Pleosporales,Dothideomycetes,Pezizomycotina,Ascomycota
1,G674,4/28/2015,674,PA,site 15,NA,NA,NA,1,C,C,C,AR,C1,Alternaria,infectoria species–group,Alternaria_infectoria species–group,Lewia,Pleosporaceae,Pleosporales,Dothideomycetes,Pezizomycotina,Ascomycota
0,G675,4/28/2015,675,PA,site 15,NA,NA,NA,0,NA,NA,NA,NA,NA,NA,NA,NA,NA,NA,NA,NA,NA,NA
1,G676,4/28/2015,676,PA,site 15,NA,NA,NA,1,D,D1,AM,AM,AM,Parastagonospora,caricis,Parastagonospora_caricis,Parastagonospora,Phaeosphaeriaceae,Pleosporales,Dothideomycetes,Pezizomycotina,Ascomycota
1,G68,3/30/2015,68A,EG,T6,6E,NA,NA,1,A1,A,AL,AL,A2,Pyrenophora,lolii,Pyrenophora_lolii,Pyrenophora,Pleosporaceae,Pleosporales,Dothideomycetes,Pezizomycotina,Ascomycota
1,G680,4/28/2015,680B,AF,T13,NA,NA,NA,1,H,H,H,AT,H2,Cladosporium,herbarum species complex,Cladosporium_herbarum species complex,NA,Cladosporiaceae,Capnodiales,Dothideomycetes,Pezizomycotina,Ascomycota
0,G681,4/28/2015,681,AF,T13,NA,NA,NA,0,NA,NA,NA,NA,NA,NA,NA,NA,NA,NA,NA,NA,NA,NA
0,G682,4/28/2015,682,AF,T13,NA,NA,NA,0,NA,NA,NA,NA,NA,NA,NA,NA,NA,NA,NA,NA,NA,NA
0,G683,4/28/2015,683,AF,T13,NA,NA,NA,0,NA,NA,NA,NA,NA,NA,NA,NA,NA,NA,NA,NA,NA,NA
1,G688,4/28/2015,688,AF,T14,NA,NA,NA,1,A1,A,A,AP,A1,Pyrenophora,chaetomioides,Pyrenophora_chaetomioides,Pyrenophora,Pleosporaceae,Pleosporales,Dothideomycetes,Pezizomycotina,Ascomycota
0,G689,4/28/2015,689,AF,T14,NA,NA,NA,0,NA,NA,NA,NA,NA,NA,NA,NA,NA,NA,NA,NA,NA,NA
0,G69,4/6/2015,69,BH,T8,8B,NA,NA,0,NA,NA,NA,NA,NA,NA,NA,NA,NA,NA,NA,NA,NA,NA
1,G690,4/28/2015,690,FP,T11,NA,NA,NA,1,A1,A,AL,AL,A2,Pyrenophora,lolii,Pyrenophora_lolii,Pyrenophora,Pleosporaceae,Pleosporales,Dothideomycetes,Pezizomycotina,Ascomycota
1,G691,4/28/2015,691,FP,T11,NA,NA,NA,1,A1,A,A,A,A1,Pyrenophora,chaetomioides,Pyrenophora_chaetomioides,Pyrenophora,Pleosporaceae,Pleosporales,Dothideomycetes,Pezizomycotina,Ascomycota
0,G692,4/28/2015,692,FP,T12,NA,NA,NA,0,NA,NA,NA,NA,NA,NA,NA,NA,NA,NA,NA,NA,NA,NA
0,G693,4/28/2015,693,FP,T12,NA,NA,NA,0,NA,NA,NA,NA,NA,NA,NA,NA,NA,NA,NA,NA,NA,NA
0,G694,4/28/2015,694,FP,T12,NA,NA,NA,0,NA,NA,NA,NA,NA,NA,NA,NA,NA,NA,NA,NA,NA,NA
1,G695,4/28/2015,695,FP,T13,NA,NA,NA,1,B,B,B,B,B1,Ramularia,cf. collo-cygni,Ramularia_cf. collo-cygni,Mycosphaerella,Mycosphaerellaceae,Capnodiales,Dothideomycetes,Pezizomycotina,Ascomycota
0,G696,4/28/2015,696,FP,T13,NA,NA,NA,0,NA,NA,NA,NA,NA,NA,NA,NA,NA,NA,NA,NA,NA,NA
1,G697,4/28/2015,697A,FP,T14,NA,NA,NA,1,Y,Z,Z,Z,Z,Phaeosphaeriopsis,sp. ,Phaeosphaeriopsis_sp. ,Phaeosphaeria,Phaeosphaeriaceae,Pleosporales,Dothideomycetes,Pezizomycotina,Ascomycota
0,G698,4/28/2015,698,FP,T14,NA,NA,NA,0,NA,NA,NA,NA,NA,NA,NA,NA,NA,NA,NA,NA,NA,NA
1,G699,4/28/2015,699,FP,T14,NA,NA,NA,1,AC,AG,AG,AG,AG,Pyrenochaeta,cava,Pyrenochaeta_cava,Pyrenochaeta,Cucurbitariaceae,Pleosporales,Dothideomycetes,Pezizomycotina,Ascomycota
0,G7,3/19/2015,7,BH,T2,2E,NA,NA,0,NA,NA,NA,NA,NA,NA,NA,NA,NA,NA,NA,NA,NA,NA
1,G70,4/6/2015,70b,SP,T8,8B,NA,NA,1,M,M,M,M,M,Nemania,serpens,Nemania_serpens,Nemania,Xylariaceae,Xylariales,Sordariomycetes,Pezizomycotina,Ascomycota
0,G71,4/6/2015,71,BH,T1,1A,NA,NA,0,NA,NA,NA,NA,NA,NA,NA,NA,NA,NA,NA,NA,NA,NA
0,G72,3/30/2015,72_30,AB,T8,8A,NA,NA,0,NA,NA,NA,NA,NA,NA,NA,NA,NA,NA,NA,NA,NA,NA
0,G72,3/30/2015,72_60,AB,T8,8A,NA,NA,0,NA,NA,NA,NA,NA,NA,NA,NA,NA,NA,NA,NA,NA,NA
0,G73,4/6/2015,73,AB,T1,1C,NA,NA,0,NA,NA,NA,NA,NA,NA,NA,NA,NA,NA,NA,NA,NA,NA
0,G74,3/30/2015,74,SP,T1,1D,NA,NA,0,NA,NA,NA,NA,NA,NA,NA,NA,NA,NA,NA,NA,NA,NA
0,G75,3/30/2015,75_30,PA,T10,10D,NA,NA,0,NA,NA,NA,NA,NA,NA,NA,NA,NA,NA,NA,NA,NA,NA
0,G75,3/30/2015,75_60,PA,T10,10D,NA,NA,0,NA,NA,NA,NA,NA,NA,NA,NA,NA,NA,NA,NA,NA,NA
0,G76,4/6/2015,76,AB,T1,1C,NA,NA,0,NA,NA,NA,NA,NA,NA,NA,NA,NA,NA,NA,NA,NA,NA
1,G766,5/4/2015,766,SP,JEFT6,JEF6B,NA,NA,1,D,D1,AY,AY,AY,Parastagonospora,sp.,Parastagonospora_sp.,Phaeosphaeria,Phaeosphaeriaceae,Pleosporales,Dothideomycetes,Pezizomycotina,Ascomycota
1,G767,5/4/2015,767,SP,JEFT6,JEF6B,NA,NA,1,A2,G,G,G,G,Pyrenophora,sp.,Pyrenophora_sp.,Pyrenophora,Pleosporaceae,Pleosporales,Dothideomycetes,Pezizomycotina,Ascomycota
0,G768,5/4/2015,768,SP,JEFT6,JEF6B,NA,NA,0,NA,NA,NA,NA,NA,NA,NA,NA,NA,NA,NA,NA,NA,NA
1,G769,5/4/2015,769,SP,JEFT6,JEF6B,NA,NA,1,A2,G,G,G,G,Pyrenophora,sp.,Pyrenophora_sp.,Pyrenophora,Pleosporaceae,Pleosporales,Dothideomycetes,Pezizomycotina,Ascomycota
1,G77,3/30/2015,77_30,EG,T8,8A,NA,NA,1,A2,E,E,E,E,Pyrenophora,tritici-repentis,Pyrenophora_tritici-repentis,Pyrenophora,Pleosporaceae,Pleosporales,Dothideomycetes,Pezizomycotina,Ascomycota
1,G770,5/4/2015,770b,SP,JEFT6,JEF6C,NA,NA,1,D,D1,D,D,D,Parastagonospora,nodorum,Parastagonospora_nodorum,Phaeosphaeria,Phaeosphaeriaceae,Pleosporales,Dothideomycetes,Pezizomycotina,Ascomycota
1,G770,5/4/2015,770a,SP,JEFT6,JEF6C,NA,NA,1,F,F,F,F,F,Pyrenophora,fugax,Pyrenophora_fugax,Pyrenophora,Pleosporaceae,Pleosporales,Dothideomycetes,Pezizomycotina,Ascomycota
0,G771,5/4/2015,771,SP,JEFT6,JEF6C,NA,NA,0,NA,NA,NA,NA,NA,NA,NA,NA,NA,NA,NA,NA,NA,NA
1,G772,5/4/2015,772,SP,JEFT6,JEF6C,NA,NA,0,NA,NA,NA,NA,NA,NA,NA,NA,NA,NA,NA,NA,NA,NA
1,G773,5/4/2015,773,SP,JEFT6,JEF6C,NA,NA,1,H,H,H,H,H1,Cladosporium,cladosporioides species complex,Cladosporium_cladosporioides species complex,NA,Cladosporiaceae,Capnodiales,Dothideomycetes,Pezizomycotina,Ascomycota
1,G774,5/4/2015,774b,SP,JEFT6,JEF6C,NA,NA,1,C,C,C,AQ,C1,Alternaria,infectoria species–group,Alternaria_infectoria species–group,Lewia,Pleosporaceae,Pleosporales,Dothideomycetes,Pezizomycotina,Ascomycota
0,G775,5/4/2015,775,SP,JEFT6,JEF6D,NA,NA,0,NA,NA,NA,NA,NA,NA,NA,NA,NA,NA,NA,NA,NA,NA
1,G776,5/4/2015,776,SP,JEFT6,JEF6D,NA,NA,1,F*,F*,F*,F*,F,Pyrenophora,fugax,Pyrenophora_fugax,Pyrenophora,Pleosporaceae,Pleosporales,Dothideomycetes,Pezizomycotina,Ascomycota
1,G777,5/4/2015,777a,SP,JEFT6,JEF6D,NA,NA,1,D,D1,D,D,D,Parastagonospora,nodorum,Parastagonospora_nodorum,Phaeosphaeria,Phaeosphaeriaceae,Pleosporales,Dothideomycetes,Pezizomycotina,Ascomycota
1,G777,5/4/2015,777b,SP,JEFT6,JEF6D,NA,NA,1,A2,G,G,G,G,Pyrenophora,sp.,Pyrenophora_sp.,Pyrenophora,Pleosporaceae,Pleosporales,Dothideomycetes,Pezizomycotina,Ascomycota
1,G778,5/4/2015,778,SP,JEFT6,JEF6D,NA,NA,1,A1,A,AL,AL,A2,Pyrenophora,lolii,Pyrenophora_lolii,Pyrenophora,Pleosporaceae,Pleosporales,Dothideomycetes,Pezizomycotina,Ascomycota
1,G779,5/4/2015,779,SP,JEFT6,JEF6D,NA,NA,1,B,B,B,B,B1,Ramularia,cf. collo-cygni,Ramularia_cf. collo-cygni,Mycosphaerella,Mycosphaerellaceae,Capnodiales,Dothideomycetes,Pezizomycotina,Ascomycota
0,G79,4/6/2015,79,BH,T1,1A,NA,NA,0,NA,NA,NA,NA,NA,NA,NA,NA,NA,NA,NA,NA,NA,NA
1,G8,3/19/2015,8,AB,T2,2E,NA,NA,1,A1,A,A,A,A1,Pyrenophora,chaetomioides,Pyrenophora_chaetomioides,Pyrenophora,Pleosporaceae,Pleosporales,Dothideomycetes,Pezizomycotina,Ascomycota
0,G80,4/6/2015,80,BD,T1,1D,NA,NA,0,NA,NA,NA,NA,NA,NA,NA,NA,NA,NA,NA,NA,NA,NA
0,G81,4/6/2015,81,BD,T1,1D,NA,NA,0,NA,NA,NA,NA,NA,NA,NA,NA,NA,NA,NA,NA,NA,NA
1,G817,4/25/2015,817,SP,JEFT3,JEF3C,NA,NA,1,A2,G,G,G,G,Pyrenophora,sp.,Pyrenophora_sp.,Pyrenophora,Pleosporaceae,Pleosporales,Dothideomycetes,Pezizomycotina,Ascomycota
1,G818,4/25/2015,818,SP,JEFT3,JEF3C,NA,NA,1,B,B,B,B,B1,Ramularia,cf. collo-cygni,Ramularia_cf. collo-cygni,Mycosphaerella,Mycosphaerellaceae,Capnodiales,Dothideomycetes,Pezizomycotina,Ascomycota
0,G819,4/25/2015,819,SP,JEFT3,JEF3D,NA,NA,0,NA,NA,NA,NA,NA,NA,NA,NA,NA,NA,NA,NA,NA,NA
1,G82,3/30/2015,82a,BD,T3,3C,NA,NA,1,AD,AI,AI,AI,AI,unknown,sp.,Cystostereaceae_sp.,Cystidiodontia/Lepista,Cystostereaceae,Polyporales,Agaricomycetes,Agaricomycotina,Basidiomycota
1,G82,3/30/2015,82b,BD,T3,3C,NA,NA,1,F,F,F,F,F,Pyrenophora,fugax,Pyrenophora_fugax,Pyrenophora,Pleosporaceae,Pleosporales,Dothideomycetes,Pezizomycotina,Ascomycota
1,G820,4/25/2015,820,SP,JEFT3,JEF3D,NA,NA,1,B,B,B,B,B1,Ramularia,cf. collo-cygni,Ramularia_cf. collo-cygni,Mycosphaerella,Mycosphaerellaceae,Capnodiales,Dothideomycetes,Pezizomycotina,Ascomycota
1,G821,4/25/2015,821,SP,JEFT3,JEF3D,NA,NA,1,A1,A,A,A,A1,Pyrenophora,chaetomioides,Pyrenophora_chaetomioides,Pyrenophora,Pleosporaceae,Pleosporales,Dothideomycetes,Pezizomycotina,Ascomycota
1,G822,4/25/2015,822b,SP,JEFT3,JEF3D,NA,NA,1,H,H,H,H,H1,Cladosporium,cladosporioides species complex,Cladosporium_cladosporioides species complex,NA,Cladosporiaceae,Capnodiales,Dothideomycetes,Pezizomycotina,Ascomycota
1,G823,4/25/2015,823,SP,JEFT3,JEF3D,NA,NA,1,F,F,F,F,F,Pyrenophora,fugax,Pyrenophora_fugax,Pyrenophora,Pleosporaceae,Pleosporales,Dothideomycetes,Pezizomycotina,Ascomycota
1,G824,4/25/2015,824,SP,JEFT4,JEF4A,NA,NA,1,J,J,J,J,J,Pyrenophora,nobleae,Pyrenophora_nobleae,Pyrenophora,Pleosporaceae,Pleosporales,Dothideomycetes,Pezizomycotina,Ascomycota
0,G825,4/25/2015,825,SP,JEFT4,JEF4A,NA,NA,0,NA,NA,NA,NA,NA,NA,NA,NA,NA,NA,NA,NA,NA,NA
0,G826,4/25/2015,826,SP,JEFT4,JEF4A,NA,NA,0,NA,NA,NA,NA,NA,NA,NA,NA,NA,NA,NA,NA,NA,NA
1,G827,4/25/2015,827,SP,JEFT4,JEF4A,NA,NA,1,D,AH,AH,AH,AH,Wojnowicia,sp.,Wojnowicia_sp.,Wojnowicia,Phaeosphaeriaceae,Pleosporales,Dothideomycetes,Pezizomycotina,Ascomycota
0,G828,4/25/2015,828,SP,JEFT4,JEF4A,NA,NA,0,NA,NA,NA,NA,NA,NA,NA,NA,NA,NA,NA,NA,NA,NA
1,G829,4/25/2015,829,SP,JEFT4,JEF4B,NA,NA,1,A1,A,A,A,A1,Pyrenophora,chaetomioides,Pyrenophora_chaetomioides,Pyrenophora,Pleosporaceae,Pleosporales,Dothideomycetes,Pezizomycotina,Ascomycota
1,G83,3/30/2015,83_30,EG,T4,4E,NA,NA,1,H,H,H,H,H1,Cladosporium,cladosporioides species complex,Cladosporium_cladosporioides species complex,NA,Cladosporiaceae,Capnodiales,Dothideomycetes,Pezizomycotina,Ascomycota
1,G83,3/30/2015,83_60,EG,T4,4E,NA,NA,1,M,M,M,M,M,Nemania,serpens,Nemania_serpens,Nemania,Xylariaceae,Xylariales,Sordariomycetes,Pezizomycotina,Ascomycota
0,G830,4/25/2015,830,SP,JEFT4,JEF4B,NA,NA,0,NA,NA,NA,NA,NA,NA,NA,NA,NA,NA,NA,NA,NA,NA
0,G831,4/25/2015,831,SP,JEFT4,JEF4B,NA,NA,0,NA,NA,NA,NA,NA,NA,NA,NA,NA,NA,NA,NA,NA,NA
0,G832,4/25/2015,832,SP,JEFT4,JEF4B,NA,NA,0,NA,NA,NA,NA,NA,NA,NA,NA,NA,NA,NA,NA,NA,NA
1,G833,4/25/2015,833,SP,JEFT4,JEF4B,NA,NA,1,Q,Q,Q,Q,Q,Alternaria,eureka,Alternaria_eureka,NA,Pleosporaceae,Pleosporales,Dothideomycetes,Pezizomycotina,Ascomycota
0,G834,4/25/2015,834,SP,JEFT4,JEF4C,NA,NA,0,NA,NA,NA,NA,NA,NA,NA,NA,NA,NA,NA,NA,NA,NA
1,G835,4/25/2015,835,SP,JEFT4,JEF4C,NA,NA,1,R,R,R,AZ,R2,Stemphylium,sp.,Stemphylium_sp.,Pleospora,Pleosporaceae,Pleosporales,Dothideomycetes,Pezizomycotina,Ascomycota
0,G836,4/25/2015,836,SP,JEFT4,JEF4C,NA,NA,0,NA,NA,NA,NA,NA,NA,NA,NA,NA,NA,NA,NA,NA,NA
1,G837,4/25/2015,837b,SP,JEFT4,JEF4C,NA,NA,1,H,H,H,H,H1,Cladosporium,cladosporioides species complex,Cladosporium_cladosporioides species complex,NA,Cladosporiaceae,Capnodiales,Dothideomycetes,Pezizomycotina,Ascomycota
1,G838,4/25/2015,838b,SP,JEFT4,JEF4C,NA,NA,1,H,H,H,H,H1,Cladosporium,cladosporioides species complex,Cladosporium_cladosporioides species complex,NA,Cladosporiaceae,Capnodiales,Dothideomycetes,Pezizomycotina,Ascomycota
1,G839,4/25/2015,839,SP,JEFT4,JEF4D,NA,NA,1,B,B,B,B,B1,Ramularia,cf. collo-cygni,Ramularia_cf. collo-cygni,Mycosphaerella,Mycosphaerellaceae,Capnodiales,Dothideomycetes,Pezizomycotina,Ascomycota
0,G84,3/30/2015,84,SP,T3,3B,NA,NA,0,NA,NA,NA,NA,NA,NA,NA,NA,NA,NA,NA,NA,NA,NA
1,G840,4/25/2015,840b,SP,JEFT4,JEF4D,NA,NA,1,B,B,B,B,B1,Ramularia,cf. collo-cygni,Ramularia_cf. collo-cygni,Mycosphaerella,Mycosphaerellaceae,Capnodiales,Dothideomycetes,Pezizomycotina,Ascomycota
1,G841,4/25/2015,841,SP,JEFT4,JEF4D,NA,NA,1,J,J,J,J,J,Pyrenophora,nobleae,Pyrenophora_nobleae,Pyrenophora,Pleosporaceae,Pleosporales,Dothideomycetes,Pezizomycotina,Ascomycota
1,G842,4/25/2015,842ab,SP,JEFT4,JEF4D,NA,NA,1,B,B,B,B,B1,Ramularia,cf. collo-cygni,Ramularia_cf. collo-cygni,Mycosphaerella,Mycosphaerellaceae,Capnodiales,Dothideomycetes,Pezizomycotina,Ascomycota
0,G843,4/25/2015,843,SP,JEFT4,JEF4D,NA,NA,0,NA,NA,NA,NA,NA,NA,NA,NA,NA,NA,NA,NA,NA,NA
1,G844,4/25/2015,844,SP,JEFT5,JEF5A,NA,NA,1,F,F,F,F,F,Pyrenophora,fugax,Pyrenophora_fugax,Pyrenophora,Pleosporaceae,Pleosporales,Dothideomycetes,Pezizomycotina,Ascomycota
1,G845,4/25/2015,845,SP,JEFT5,JEF5A,NA,NA,1,F,F,F,F,F,Pyrenophora,fugax,Pyrenophora_fugax,Pyrenophora,Pleosporaceae,Pleosporales,Dothideomycetes,Pezizomycotina,Ascomycota
1,G846,4/25/2015,846,SP,JEFT5,JEF5A,NA,NA,1,H,H,H,AT,H2,Cladosporium,herbarum species complex,Cladosporium_herbarum species complex,NA,Cladosporiaceae,Capnodiales,Dothideomycetes,Pezizomycotina,Ascomycota
0,G847,4/25/2015,847,SP,JEFT5,JEF5A,NA,NA,0,NA,NA,NA,NA,NA,NA,NA,NA,NA,NA,NA,NA,NA,NA
1,G848,4/25/2015,848,SP,JEFT5,JEF5A,NA,NA,1,H,H,H,AT,H2,Cladosporium,herbarum species complex,Cladosporium_herbarum species complex,NA,Cladosporiaceae,Capnodiales,Dothideomycetes,Pezizomycotina,Ascomycota
0,G849,4/25/2015,849,SP,JEFT5,JEF5B,NA,NA,0,NA,NA,NA,NA,NA,NA,NA,NA,NA,NA,NA,NA,NA,NA
1,G85,3/30/2015,85_60,PA,T7,7D,NA,NA,1,C,C,C,AR,C1,Alternaria,infectoria species–group,Alternaria_infectoria species–group,Lewia,Pleosporaceae,Pleosporales,Dothideomycetes,Pezizomycotina,Ascomycota
1,G850,4/25/2015,850,SP,JEFT5,JEF5B,NA,NA,1,B,B,B,B,B1,Ramularia,cf. collo-cygni,Ramularia_cf. collo-cygni,Mycosphaerella,Mycosphaerellaceae,Capnodiales,Dothideomycetes,Pezizomycotina,Ascomycota
0,G851,4/25/2015,851,SP,JEFT5,JEF5B,NA,NA,0,NA,NA,NA,NA,NA,NA,NA,NA,NA,NA,NA,NA,NA,NA
1,G852,4/25/2015,852,SP,JEFT5,JEF5B,NA,NA,1,F,F,F,F,F,Pyrenophora,fugax,Pyrenophora_fugax,Pyrenophora,Pleosporaceae,Pleosporales,Dothideomycetes,Pezizomycotina,Ascomycota
0,G853,4/25/2015,853,SP,JEFT5,JEF5B,NA,NA,0,NA,NA,NA,NA,NA,NA,NA,NA,NA,NA,NA,NA,NA,NA
0,G854,4/25/2015,854,SP,JEFT5,JEF5C,NA,NA,0,NA,NA,NA,NA,NA,NA,NA,NA,NA,NA,NA,NA,NA,NA
0,G855,4/25/2015,855,SP,JEFT5,JEF5C,NA,NA,0,NA,NA,NA,NA,NA,NA,NA,NA,NA,NA,NA,NA,NA,NA
1,G856,4/25/2015,856,SP,JEFT5,JEF5C,NA,NA,1,F,F,F,F,F,Pyrenophora,fugax,Pyrenophora_fugax,Pyrenophora,Pleosporaceae,Pleosporales,Dothideomycetes,Pezizomycotina,Ascomycota
0,G857,4/25/2015,857,SP,JEFT5,JEF5C,NA,NA,0,NA,NA,NA,NA,NA,NA,NA,NA,NA,NA,NA,NA,NA,NA
1,G858,4/25/2015,858,SP,JEFT5,JEF5C,NA,NA,1,F,F,F,F,F,Pyrenophora,fugax,Pyrenophora_fugax,Pyrenophora,Pleosporaceae,Pleosporales,Dothideomycetes,Pezizomycotina,Ascomycota
0,G859,4/25/2015,859,SP,JEFT5,JEF5D,NA,NA,0,NA,NA,NA,NA,NA,NA,NA,NA,NA,NA,NA,NA,NA,NA
0,G86,3/30/2015,86_30,BD,T8,8A,NA,NA,0,NA,NA,NA,NA,NA,NA,NA,NA,NA,NA,NA,NA,NA,NA
0,G86,3/30/2015,86_60,BD,T8,8A,NA,NA,0,NA,NA,NA,NA,NA,NA,NA,NA,NA,NA,NA,NA,NA,NA
1,G860,4/25/2015,860,SP,JEFT5,JEF5D,NA,NA,1,B,B,B,B,B1,Ramularia,cf. collo-cygni,Ramularia_cf. collo-cygni,Mycosphaerella,Mycosphaerellaceae,Capnodiales,Dothideomycetes,Pezizomycotina,Ascomycota
1,G861,4/25/2015,861,SP,JEFT5,JEF5D,NA,NA,1,I,I,I,I,I,unknown,sp.,Lentitheciaceae_sp.,NA,Lentitheciaceae,Pleosporales,Dothideomycetes,Pezizomycotina,Ascomycota
0,G862,4/25/2015,862,SP,JEFT5,JEF5D,NA,NA,0,NA,NA,NA,NA,NA,NA,NA,NA,NA,NA,NA,NA,NA,NA
1,G863,4/25/2015,863,SP,JEFT5,JEF5D,NA,NA,1,F,F,F,F,F,Pyrenophora,fugax,Pyrenophora_fugax,Pyrenophora,Pleosporaceae,Pleosporales,Dothideomycetes,Pezizomycotina,Ascomycota
1,G864,5/4/2015,864,SP,JEFT6,JEF6A,NA,NA,1,D,D1,D,D,D,Parastagonospora,nodorum,Parastagonospora_nodorum,Phaeosphaeria,Phaeosphaeriaceae,Pleosporales,Dothideomycetes,Pezizomycotina,Ascomycota
1,G865,5/4/2015,865,SP,JEFT6,JEF6A,NA,NA,1,F,F,F,F,F,Pyrenophora,fugax,Pyrenophora_fugax,Pyrenophora,Pleosporaceae,Pleosporales,Dothideomycetes,Pezizomycotina,Ascomycota
1,G866,5/4/2015,866,SP,JEFT6,JEF6A,NA,NA,1,I,I,I,I,I,unknown,sp.,Lentitheciaceae_sp.,NA,Lentitheciaceae,Pleosporales,Dothideomycetes,Pezizomycotina,Ascomycota
1,G867,5/4/2015,867,SP,JEFT6,JEF6A,NA,NA,1,F,F,F,F,F,Pyrenophora,fugax,Pyrenophora_fugax,Pyrenophora,Pleosporaceae,Pleosporales,Dothideomycetes,Pezizomycotina,Ascomycota
1,G868,5/4/2015,868,SP,JEFT6,JEF6A,NA,NA,1,I,I,I,I,I,unknown,sp.,Lentitheciaceae_sp.,NA,Lentitheciaceae,Pleosporales,Dothideomycetes,Pezizomycotina,Ascomycota
1,G869,5/4/2015,869,SP,JEFT6,JEF6B,NA,NA,1,A1,A,AL,AL,A2,Pyrenophora,lolii,Pyrenophora_lolii,Pyrenophora,Pleosporaceae,Pleosporales,Dothideomycetes,Pezizomycotina,Ascomycota
0,G87,4/6/2015,87,PA,T2,2C,NA,NA,0,NA,NA,NA,NA,NA,NA,NA,NA,NA,NA,NA,NA,NA,NA
0,G870,4/20/2015,870,SP,JEFT1,JEF1A,NA,NA,0,NA,NA,NA,NA,NA,NA,NA,NA,NA,NA,NA,NA,NA,NA
1,G871,4/20/2015,871,SP,JEFT1,JEF1A,NA,NA,1,J,J,J,J,J,Pyrenophora,nobleae,Pyrenophora_nobleae,Pyrenophora,Pleosporaceae,Pleosporales,Dothideomycetes,Pezizomycotina,Ascomycota
1,G872,4/20/2015,872a,SP,JEFT1,JEF1A,NA,NA,1,B,B,B,B,B1,Ramularia,cf. collo-cygni,Ramularia_cf. collo-cygni,Mycosphaerella,Mycosphaerellaceae,Capnodiales,Dothideomycetes,Pezizomycotina,Ascomycota
1,G873,4/20/2015,873,SP,JEFT1,JEF1A,NA,NA,1,B,B,B,B,B1,Ramularia,cf. collo-cygni,Ramularia_cf. collo-cygni,Mycosphaerella,Mycosphaerellaceae,Capnodiales,Dothideomycetes,Pezizomycotina,Ascomycota
1,G874,4/20/2015,874a,SP,JEFT1,JEF1A,NA,NA,1,B,B,B,B,B1,Ramularia,cf. collo-cygni,Ramularia_cf. collo-cygni,Mycosphaerella,Mycosphaerellaceae,Capnodiales,Dothideomycetes,Pezizomycotina,Ascomycota
1,G875,4/20/2015,875,SP,JEFT1,JEF1B,NA,NA,1,B,B,B,B,B1,Ramularia,cf. collo-cygni,Ramularia_cf. collo-cygni,Mycosphaerella,Mycosphaerellaceae,Capnodiales,Dothideomycetes,Pezizomycotina,Ascomycota
0,G876,4/20/2015,876,SP,JEFT1,JEF1B,NA,NA,0,NA,NA,NA,NA,NA,NA,NA,NA,NA,NA,NA,NA,NA,NA
1,G877,4/20/2015,877,SP,JEFT1,JEF1B,NA,NA,1,C,C,AO,AO,C2,Chalastospora,gossypii,Chalastospora_gossypii,Alternaria,Pleosporaceae,Pleosporales,Dothideomycetes,Pezizomycotina,Ascomycota
0,G878,4/20/2015,878,SP,JEFT1,JEF1B,NA,NA,0,NA,NA,NA,NA,NA,NA,NA,NA,NA,NA,NA,NA,NA,NA
1,G879,4/20/2015,879a,SP,JEFT1,JEF1B,NA,NA,1,B,B,B,B,B1,Ramularia,cf. collo-cygni,Ramularia_cf. collo-cygni,Mycosphaerella,Mycosphaerellaceae,Capnodiales,Dothideomycetes,Pezizomycotina,Ascomycota
1,G88,3/30/2015,88,BD,T5,5D,NA,NA,1,C,C,C,C,C1,Alternaria,infectoria species–group,Alternaria_infectoria species–group,Lewia,Pleosporaceae,Pleosporales,Dothideomycetes,Pezizomycotina,Ascomycota
1,G880,4/20/2015,880,SP,JEFT1,JEF1C,NA,NA,0,NA,NA,NA,NA,NA,NA,NA,NA,NA,NA,NA,NA,NA,NA
1,G881,4/20/2015,881,SP,JEFT1,JEF1C,NA,NA,1,D,AJ,AJ,AJ,AJ,Neostagonospora,sp.,Neostagonospora_sp.,Phaeosphaeria,Phaeosphaeriaceae,Pleosporales,Dothideomycetes,Pezizomycotina,Ascomycota
1,G882,4/20/2015,882,SP,JEFT1,JEF1C,NA,NA,1,B,B,B,B,B1,Ramularia,cf. collo-cygni,Ramularia_cf. collo-cygni,Mycosphaerella,Mycosphaerellaceae,Capnodiales,Dothideomycetes,Pezizomycotina,Ascomycota
0,G883,4/20/2015,883,SP,JEFT1,JEF1C,NA,NA,0,NA,NA,NA,NA,NA,NA,NA,NA,NA,NA,NA,NA,NA,NA
0,G884,4/20/2015,884,SP,JEFT1,JEF1C,NA,NA,0,NA,NA,NA,NA,NA,NA,NA,NA,NA,NA,NA,NA,NA,NA
1,G885,4/20/2015,885a,SP,JEFT1,JEF1C,NA,NA,1,B,B,B,B,B1,Ramularia,cf. collo-cygni,Ramularia_cf. collo-cygni,Mycosphaerella,Mycosphaerellaceae,Capnodiales,Dothideomycetes,Pezizomycotina,Ascomycota
0,G886,4/20/2015,886,SP,JEFT1,JEF1D,NA,NA,0,NA,NA,NA,NA,NA,NA,NA,NA,NA,NA,NA,NA,NA,NA
1,G887,4/20/2015,887,SP,JEFT1,JEF1D,NA,NA,1,B,B,B,B,B1,Ramularia,cf. collo-cygni,Ramularia_cf. collo-cygni,Mycosphaerella,Mycosphaerellaceae,Capnodiales,Dothideomycetes,Pezizomycotina,Ascomycota
0,G888,4/20/2015,888,SP,JEFT1,JEF1D,NA,NA,0,NA,NA,NA,NA,NA,NA,NA,NA,NA,NA,NA,NA,NA,NA
1,G889,4/20/2015,889,SP,JEFT1,JEF1D,NA,NA,1,I,I,I,I,I,unknown,sp.,Lentitheciaceae_sp.,NA,Lentitheciaceae,Pleosporales,Dothideomycetes,Pezizomycotina,Ascomycota
1,G89,3/30/2015,89_30b,EG,T6,6A,NA,NA,1,C,C,C,AQ,C1,Alternaria,infectoria species–group,Alternaria_infectoria species–group,Lewia,Pleosporaceae,Pleosporales,Dothideomycetes,Pezizomycotina,Ascomycota
1,G89,3/30/2015,89_60,EG,T6,6A,NA,NA,1,A2,E,E,E,E,Pyrenophora,tritici-repentis,Pyrenophora_tritici-repentis,Pyrenophora,Pleosporaceae,Pleosporales,Dothideomycetes,Pezizomycotina,Ascomycota
0,G890,4/25/2015,890,SP,JEFT2,JEF2A,NA,NA,0,NA,NA,NA,NA,NA,NA,NA,NA,NA,NA,NA,NA,NA,NA
0,G891,4/25/2015,891,SP,JEFT2,JEF2A,NA,NA,0,NA,NA,NA,NA,NA,NA,NA,NA,NA,NA,NA,NA,NA,NA
0,G892,4/25/2015,892,SP,JEFT2,JEF2A,NA,NA,0,NA,NA,NA,NA,NA,NA,NA,NA,NA,NA,NA,NA,NA,NA
1,G893,4/25/2015,893,SP,JEFT2,JEF2A,NA,NA,1,A2,G,G,G,G,Pyrenophora,sp.,Pyrenophora_sp.,Pyrenophora,Pleosporaceae,Pleosporales,Dothideomycetes,Pezizomycotina,Ascomycota
0,G894,4/25/2015,894,SP,JEFT2,JEF2A,NA,NA,0,NA,NA,NA,NA,NA,NA,NA,NA,NA,NA,NA,NA,NA,NA
0,G895,4/25/2015,895,SP,JEFT2,JEF2B,NA,NA,0,NA,NA,NA,NA,NA,NA,NA,NA,NA,NA,NA,NA,NA,NA
0,G896,4/25/2015,896,SP,JEFT2,JEF2B,NA,NA,0,NA,NA,NA,NA,NA,NA,NA,NA,NA,NA,NA,NA,NA,NA
0,G897,4/25/2015,897,SP,JEFT2,JEF2B,NA,NA,0,NA,NA,NA,NA,NA,NA,NA,NA,NA,NA,NA,NA,NA,NA
1,G898,4/25/2015,898,SP,JEFT2,JEF2B,NA,NA,1,B,B,B,B,B1,Ramularia,cf. collo-cygni,Ramularia_cf. collo-cygni,Mycosphaerella,Mycosphaerellaceae,Capnodiales,Dothideomycetes,Pezizomycotina,Ascomycota
0,G899,4/25/2015,899,SP,JEFT2,JEF2B,NA,NA,0,NA,NA,NA,NA,NA,NA,NA,NA,NA,NA,NA,NA,NA,NA
0,G9,3/19/2015,9,PA,T9,9A,NA,NA,0,NA,NA,NA,NA,NA,NA,NA,NA,NA,NA,NA,NA,NA,NA
0,G90,3/30/2015,90_30,AB,T5,5A,NA,NA,0,NA,NA,NA,NA,NA,NA,NA,NA,NA,NA,NA,NA,NA,NA
0,G90,3/30/2015,90_60,AB,T5,5A,NA,NA,0,NA,NA,NA,NA,NA,NA,NA,NA,NA,NA,NA,NA,NA,NA
0,G900,4/25/2015,900,SP,JEFT2,JEF2C,NA,NA,0,NA,NA,NA,NA,NA,NA,NA,NA,NA,NA,NA,NA,NA,NA
0,G901,4/25/2015,901,SP,JEFT2,JEF2C,NA,NA,0,NA,NA,NA,NA,NA,NA,NA,NA,NA,NA,NA,NA,NA,NA
1,G902,4/25/2015,902,SP,JEFT2,JEF2C,NA,NA,1,B,B,B,B,B1,Ramularia,cf. collo-cygni,Ramularia_cf. collo-cygni,Mycosphaerella,Mycosphaerellaceae,Capnodiales,Dothideomycetes,Pezizomycotina,Ascomycota
0,G903,4/25/2015,903,SP,JEFT2,JEF2C,NA,NA,0,NA,NA,NA,NA,NA,NA,NA,NA,NA,NA,NA,NA,NA,NA
0,G904,4/25/2015,904,SP,JEFT2,JEF2C,NA,NA,0,NA,NA,NA,NA,NA,NA,NA,NA,NA,NA,NA,NA,NA,NA
0,G905,4/25/2015,905,SP,JEFT2,JEF2D,NA,NA,0,NA,NA,NA,NA,NA,NA,NA,NA,NA,NA,NA,NA,NA,NA
1,G906,4/25/2015,906,SP,JEFT2,JEF2D,NA,NA,1,B,B,B,B,B1,Ramularia,cf. collo-cygni,Ramularia_cf. collo-cygni,Mycosphaerella,Mycosphaerellaceae,Capnodiales,Dothideomycetes,Pezizomycotina,Ascomycota
0,G907,4/25/2015,907,SP,JEFT2,JEF2D,NA,NA,0,NA,NA,NA,NA,NA,NA,NA,NA,NA,NA,NA,NA,NA,NA
0,G908,4/25/2015,908,SP,JEFT2,JEF2D,NA,NA,0,NA,NA,NA,NA,NA,NA,NA,NA,NA,NA,NA,NA,NA,NA
0,G909,4/25/2015,909,SP,JEFT2,JEF2D,NA,NA,0,NA,NA,NA,NA,NA,NA,NA,NA,NA,NA,NA,NA,NA,NA
1,G91,3/30/2015,91_30,PA,T7,7D,NA,NA,1,D,D1,AM,AM,AM,Parastagonospora,caricis,Parastagonospora_caricis,Parastagonospora,Phaeosphaeriaceae,Pleosporales,Dothideomycetes,Pezizomycotina,Ascomycota
1,G910,4/25/2015,910,SP,JEFT3,JEF3A,NA,NA,0,NA,NA,NA,NA,NA,NA,NA,NA,NA,NA,NA,NA,NA,NA
1,G911,4/25/2015,911,SP,JEFT3,JEF3A,NA,NA,1,I,I,I,I,I,unknown,sp.,Lentitheciaceae_sp.,NA,Lentitheciaceae,Pleosporales,Dothideomycetes,Pezizomycotina,Ascomycota
1,G912,4/25/2015,912,SP,JEFT3,JEF3A,NA,NA,1,I,I,I,I,I,unknown,sp.,Lentitheciaceae_sp.,NA,Lentitheciaceae,Pleosporales,Dothideomycetes,Pezizomycotina,Ascomycota
1,G913,4/25/2015,913,SP,JEFT3,JEF3A,NA,NA,1,A1,A,A,A,A1,Pyrenophora,chaetomioides,Pyrenophora_chaetomioides,Pyrenophora,Pleosporaceae,Pleosporales,Dothideomycetes,Pezizomycotina,Ascomycota
1,G914,4/25/2015,914,SP,JEFT3,JEF3A,NA,NA,1,H,H,H,H,H1,Cladosporium,cladosporioides species complex,Cladosporium_cladosporioides species complex,NA,Cladosporiaceae,Capnodiales,Dothideomycetes,Pezizomycotina,Ascomycota
0,G915,4/25/2015,915,SP,JEFT3,JEF3B,NA,NA,0,NA,NA,NA,NA,NA,NA,NA,NA,NA,NA,NA,NA,NA,NA
0,G916,4/25/2015,916,SP,JEFT3,JEF3B,NA,NA,0,NA,NA,NA,NA,NA,NA,NA,NA,NA,NA,NA,NA,NA,NA
1,G917,4/25/2015,917,SP,JEFT3,JEF3B,NA,NA,1,F,F,F,F,F,Pyrenophora,fugax,Pyrenophora_fugax,Pyrenophora,Pleosporaceae,Pleosporales,Dothideomycetes,Pezizomycotina,Ascomycota
1,G918,4/25/2015,918b,SP,JEFT3,JEF3B,NA,NA,1,A1,A,AL,AL,A2,Pyrenophora,lolii,Pyrenophora_lolii,Pyrenophora,Pleosporaceae,Pleosporales,Dothideomycetes,Pezizomycotina,Ascomycota
1,G919,4/25/2015,919,SP,JEFT3,JEF3B,NA,NA,1,C,C,C,C,C1,Alternaria,infectoria species–group,Alternaria_infectoria species–group,Lewia,Pleosporaceae,Pleosporales,Dothideomycetes,Pezizomycotina,Ascomycota
0,G92,4/6/2015,92,PA,T2,2C,NA,NA,0,NA,NA,NA,NA,NA,NA,NA,NA,NA,NA,NA,NA,NA,NA
1,G920,4/25/2015,920,SP,JEFT3,JEF3C,NA,NA,1,H,H,H,H,H1,Cladosporium,cladosporioides species complex,Cladosporium_cladosporioides species complex,NA,Cladosporiaceae,Capnodiales,Dothideomycetes,Pezizomycotina,Ascomycota
1,G921,4/25/2015,921,SP,JEFT3,JEF3C,NA,NA,1,I,I,I,I,I,unknown,sp.,Lentitheciaceae_sp.,NA,Lentitheciaceae,Pleosporales,Dothideomycetes,Pezizomycotina,Ascomycota
1,G922,4/25/2015,922,SP,JEFT3,JEF3C,NA,NA,1,B,B,B,B,B1,Ramularia,cf. collo-cygni,Ramularia_cf. collo-cygni,Mycosphaerella,Mycosphaerellaceae,Capnodiales,Dothideomycetes,Pezizomycotina,Ascomycota
1,G93,4/6/2015,93L (low),SP,T2,2C,NA,NA,1,I,I,I,I,I,unknown,sp.,Lentitheciaceae_sp.,NA,Lentitheciaceae,Pleosporales,Dothideomycetes,Pezizomycotina,Ascomycota
0,G94,3/30/2015,94,EG,T6,6A,NA,NA,0,NA,NA,NA,NA,NA,NA,NA,NA,NA,NA,NA,NA,NA,NA
1,G95,4/6/2015,95A,AB,T10,10E,NA,NA,1,A1,A,AL,AL,A2,Pyrenophora,lolii,Pyrenophora_lolii,Pyrenophora,Pleosporaceae,Pleosporales,Dothideomycetes,Pezizomycotina,Ascomycota
0,G96,3/30/2015,96,BH,T8,8B,NA,NA,0,NA,NA,NA,NA,NA,NA,NA,NA,NA,NA,NA,NA,NA,NA
0,G97,3/30/2015,97_30,EG,T6,6C,NA,NA,0,NA,NA,NA,NA,NA,NA,NA,NA,NA,NA,NA,NA,NA,NA
1,G97,3/30/2015,97_60,EG,T6,6C,NA,NA,1,D,D2,AN,AN,AN,Parastagonospora,allouniseptata,Parastagonospora_allouniseptata,Phaeosphaeria,Phaeosphaeriaceae,Pleosporales,Dothideomycetes,Pezizomycotina,Ascomycota
0,G98,4/6/2015,98,BD,T10,10E,NA,NA,0,NA,NA,NA,NA,NA,NA,NA,NA,NA,NA,NA,NA,NA,NA
0,G99,3/30/2015,99,BD,T2,2A,NA,NA,0,NA,NA,NA,NA,NA,NA,NA,NA,NA,NA,NA,NA,NA,NA
1,Gprob295,4/8/2015,prob295,BH,GCET1,GCE8,ID30,NA,1,D,D1,D,D,D,Parastagonospora,nodorum,Parastagonospora_nodorum,Phaeosphaeria,Phaeosphaeriaceae,Pleosporales,Dothideomycetes,Pezizomycotina,Ascomycota
